<TPGL>
  <!-- Copyright @ 2025 FANUC America Corporation and FANUC LTD Japan ALL RIGHTS RESERVED -->
  <SETPOD name="O248" uiname="FENCE_EXP_H2000_W1000111" fullname="SimPRO.RGCObstacle">
    <filesize>"645.498(Kbyte)"</filesize>
    <filepath>"C:\Users\40744\Adrian Oncioiu\Desktop\Master\Diseertatie\ROBOGUIDE\VIET_2025_DISERTATIE_v3\RG3DPlayer\VIET_2025_DISERTATIE_v3_Rg_2025_07_12_t_16_47_49\cad\O1932.pod"</filepath>
  </SETPOD>
  <SETPOD name="FX1064P1345" uiname="Part1[2,3(1)]" fullname="SimPRO.RGCAttachedPart">
    <filesize>"4.854(Kbyte)"</filesize>
    <filepath>"C:\Users\40744\Adrian Oncioiu\Desktop\Master\Diseertatie\ROBOGUIDE\VIET_2025_DISERTATIE_v3\RG3DPlayer\VIET_2025_DISERTATIE_v3_Rg_2025_07_12_t_16_47_49\cad\FX1064P1345.pod"</filepath>
  </SETPOD>
  <SETPOD name="FX1064P1065" uiname="Part1[1,1]" fullname="SimPRO.RGCAttachedPart">
    <filesize>"4.854(Kbyte)"</filesize>
    <filepath>"C:\Users\40744\Adrian Oncioiu\Desktop\Master\Diseertatie\ROBOGUIDE\VIET_2025_DISERTATIE_v3\RG3DPlayer\VIET_2025_DISERTATIE_v3_Rg_2025_07_12_t_16_47_49\cad\FX1064P1065.pod"</filepath>
  </SETPOD>
  <SETPOD name="FX1063P1271" uiname="Part1[1,5(1)]" fullname="SimPRO.RGCAttachedPart">
    <filesize>"4.854(Kbyte)"</filesize>
    <filepath>"C:\Users\40744\Adrian Oncioiu\Desktop\Master\Diseertatie\ROBOGUIDE\VIET_2025_DISERTATIE_v3\RG3DPlayer\VIET_2025_DISERTATIE_v3_Rg_2025_07_12_t_16_47_49\cad\FX1063P1271.pod"</filepath>
  </SETPOD>
  <SETPOD name="FX1063P1253" uiname="Part1[3,5]" fullname="SimPRO.RGCAttachedPart">
    <filesize>"4.854(Kbyte)"</filesize>
    <filepath>"C:\Users\40744\Adrian Oncioiu\Desktop\Master\Diseertatie\ROBOGUIDE\VIET_2025_DISERTATIE_v3\RG3DPlayer\VIET_2025_DISERTATIE_v3_Rg_2025_07_12_t_16_47_49\cad\FX1063P1253.pod"</filepath>
  </SETPOD>
  <SETPOD name="D3783D4298P4316" uiname="Part1" fullname="SimPRO.RGCAttachedPart">
    <filesize>"4.854(Kbyte)"</filesize>
    <filepath>"C:\Users\40744\Adrian Oncioiu\Desktop\Master\Diseertatie\ROBOGUIDE\VIET_2025_DISERTATIE_v3\RG3DPlayer\VIET_2025_DISERTATIE_v3_Rg_2025_07_12_t_16_47_49\cad\D3783D4298P4316.pod"</filepath>
  </SETPOD>
  <SETPOD name="C4R500U512" uiname="PALLET" fullname="SimPRO.RGCUserFrame">
    <filesize>"4.296(Kbyte)"</filesize>
    <filepath>"C:\Users\40744\Adrian Oncioiu\Desktop\Master\Diseertatie\ROBOGUIDE\VIET_2025_DISERTATIE_v3\RG3DPlayer\VIET_2025_DISERTATIE_v3_Rg_2025_07_12_t_16_47_49\cad\C4R500U512.pod"</filepath>
  </SETPOD>
  <SETPOD name="C4R500U500">
    <filesize>"4.296(Kbyte)"</filesize>
    <filepath>"C:\Users\40744\Adrian Oncioiu\Desktop\Master\Diseertatie\ROBOGUIDE\VIET_2025_DISERTATIE_v3\RG3DPlayer\VIET_2025_DISERTATIE_v3_Rg_2025_07_12_t_16_47_49\cad\C4R500U500.pod"</filepath>
  </SETPOD>
  <SETPOD name="C4R500CBL565-C16" uiname="CABLE_J2J3" fullname="SimPRO.RGCRobotCable">
    <filesize>"5.206(Kbyte)"</filesize>
    <filepath>"C:\Users\40744\Adrian Oncioiu\Desktop\Master\Diseertatie\ROBOGUIDE\VIET_2025_DISERTATIE_v3\RG3DPlayer\VIET_2025_DISERTATIE_v3_Rg_2025_07_12_t_16_47_49\cad\C4R500CBL565-C16.pod"</filepath>
  </SETPOD>
  <SETPOD name="C4R500CBL565-C1" uiname="CABLE_J2J3" fullname="SimPRO.RGCRobotCable">
    <filesize>"7.340(Kbyte)"</filesize>
    <filepath>"C:\Users\40744\Adrian Oncioiu\Desktop\Master\Diseertatie\ROBOGUIDE\VIET_2025_DISERTATIE_v3\RG3DPlayer\VIET_2025_DISERTATIE_v3_Rg_2025_07_12_t_16_47_49\cad\C4R500CBL565-C1.pod"</filepath>
  </SETPOD>
  <SETPOD name="C4R500CBL564-C15" uiname="CABLE_J1J2" fullname="SimPRO.RGCRobotCable">
    <filesize>"5.206(Kbyte)"</filesize>
    <filepath>"C:\Users\40744\Adrian Oncioiu\Desktop\Master\Diseertatie\ROBOGUIDE\VIET_2025_DISERTATIE_v3\RG3DPlayer\VIET_2025_DISERTATIE_v3_Rg_2025_07_12_t_16_47_49\cad\C4R500CBL564-C15.pod"</filepath>
  </SETPOD>
  <SETPOD name="O251" uiname="FENCE_EXP_H2000_W1000211" fullname="SimPRO.RGCObstacle">
    <filesize>"645.498(Kbyte)"</filesize>
    <filepath>"C:\Users\40744\Adrian Oncioiu\Desktop\Master\Diseertatie\ROBOGUIDE\VIET_2025_DISERTATIE_v3\RG3DPlayer\VIET_2025_DISERTATIE_v3_Rg_2025_07_12_t_16_47_49\cad\O1932.pod"</filepath>
  </SETPOD>
  <SETPOD name="O1938" uiname="72000315021" fullname="SimPRO.RGCObstacle">
    <filesize>"282.285(Kbyte)"</filesize>
    <filepath>"C:\Users\40744\Adrian Oncioiu\Desktop\Master\Diseertatie\ROBOGUIDE\VIET_2025_DISERTATIE_v3\RG3DPlayer\VIET_2025_DISERTATIE_v3_Rg_2025_07_12_t_16_47_49\cad\O1935.pod"</filepath>
  </SETPOD>
  <SETPOD name="O1928" uiname="R-30iA_iPendant1" fullname="SimPRO.RGCObstacle">
    <filesize>"556.820(Kbyte)"</filesize>
    <filepath>"C:\Users\40744\Adrian Oncioiu\Desktop\Master\Diseertatie\ROBOGUIDE\VIET_2025_DISERTATIE_v3\RG3DPlayer\VIET_2025_DISERTATIE_v3_Rg_2025_07_12_t_16_47_49\cad\O1927.pod"</filepath>
  </SETPOD>
  <SETPOD name="FX1064P1306" uiname="Part1[3,1]" fullname="SimPRO.RGCAttachedPart">
    <filesize>"4.854(Kbyte)"</filesize>
    <filepath>"C:\Users\40744\Adrian Oncioiu\Desktop\Master\Diseertatie\ROBOGUIDE\VIET_2025_DISERTATIE_v3\RG3DPlayer\VIET_2025_DISERTATIE_v3_Rg_2025_07_12_t_16_47_49\cad\FX1064P1306.pod"</filepath>
  </SETPOD>
  <SETPOD name="FX1064P1302" uiname="Part1[2,2]" fullname="SimPRO.RGCAttachedPart">
    <filesize>"4.854(Kbyte)"</filesize>
    <filepath>"C:\Users\40744\Adrian Oncioiu\Desktop\Master\Diseertatie\ROBOGUIDE\VIET_2025_DISERTATIE_v3\RG3DPlayer\VIET_2025_DISERTATIE_v3_Rg_2025_07_12_t_16_47_49\cad\FX1064P1302.pod"</filepath>
  </SETPOD>
  <SETPOD name="FX1064P1298" uiname="Part1[1,3]" fullname="SimPRO.RGCAttachedPart">
    <filesize>"4.854(Kbyte)"</filesize>
    <filepath>"C:\Users\40744\Adrian Oncioiu\Desktop\Master\Diseertatie\ROBOGUIDE\VIET_2025_DISERTATIE_v3\RG3DPlayer\VIET_2025_DISERTATIE_v3_Rg_2025_07_12_t_16_47_49\cad\FX1064P1298.pod"</filepath>
  </SETPOD>
  <SETPOD name="FX1063P1272" uiname="Part1[2,1(1)]" fullname="SimPRO.RGCAttachedPart">
    <filesize>"4.854(Kbyte)"</filesize>
    <filepath>"C:\Users\40744\Adrian Oncioiu\Desktop\Master\Diseertatie\ROBOGUIDE\VIET_2025_DISERTATIE_v3\RG3DPlayer\VIET_2025_DISERTATIE_v3_Rg_2025_07_12_t_16_47_49\cad\FX1063P1272.pod"</filepath>
  </SETPOD>
  <SETPOD name="FX1063" uiname="plt_48x40" fullname="SimPRO.RGCFixture">
    <filesize>"33.006(Kbyte)"</filesize>
    <filepath>"C:\Users\40744\Adrian Oncioiu\Desktop\Master\Diseertatie\ROBOGUIDE\VIET_2025_DISERTATIE_v3\RG3DPlayer\VIET_2025_DISERTATIE_v3_Rg_2025_07_12_t_16_47_49\cad\FX1063.pod"</filepath>
  </SETPOD>
  <SETPOD name="D3783D4298E4298CURPOS0" uiname="Link1" fullname="SimPRO.RGCMachineLink">
    <filesize>"4.296(Kbyte)"</filesize>
    <filepath>"C:\Users\40744\Adrian Oncioiu\Desktop\Master\Diseertatie\ROBOGUIDE\VIET_2025_DISERTATIE_v3\RG3DPlayer\VIET_2025_DISERTATIE_v3_Rg_2025_07_12_t_16_47_49\cad\D3783D4298E4298CURPOS0.pod"</filepath>
  </SETPOD>
  <SETPOD name="D1447D1810E1810" uiname="Link2" fullname="SimPRO.RGCMachineLink">
    <filesize>"4.296(Kbyte)"</filesize>
    <filepath>"C:\Users\40744\Adrian Oncioiu\Desktop\Master\Diseertatie\ROBOGUIDE\VIET_2025_DISERTATIE_v3\RG3DPlayer\VIET_2025_DISERTATIE_v3_Rg_2025_07_12_t_16_47_49\cad\D1447D1810E1810.pod"</filepath>
  </SETPOD>
  <SETPOD name="C4R500CBL565-C12" uiname="CABLE_J2J3" fullname="SimPRO.RGCRobotCable">
    <filesize>"5.206(Kbyte)"</filesize>
    <filepath>"C:\Users\40744\Adrian Oncioiu\Desktop\Master\Diseertatie\ROBOGUIDE\VIET_2025_DISERTATIE_v3\RG3DPlayer\VIET_2025_DISERTATIE_v3_Rg_2025_07_12_t_16_47_49\cad\C4R500CBL565-C12.pod"</filepath>
  </SETPOD>
  <SETPOD name="C4R500CBL564-C8" uiname="CABLE_J1J2" fullname="SimPRO.RGCRobotCable">
    <filesize>"5.206(Kbyte)"</filesize>
    <filepath>"C:\Users\40744\Adrian Oncioiu\Desktop\Master\Diseertatie\ROBOGUIDE\VIET_2025_DISERTATIE_v3\RG3DPlayer\VIET_2025_DISERTATIE_v3_Rg_2025_07_12_t_16_47_49\cad\C4R500CBL564-C8.pod"</filepath>
  </SETPOD>
  <SETPOD name="C2R173G177P1839" uiname="Part1" fullname="SimPRO.RGCAttachedPart">
    <filesize>"4.854(Kbyte)"</filesize>
    <filepath>"C:\Users\40744\Adrian Oncioiu\Desktop\Master\Diseertatie\ROBOGUIDE\VIET_2025_DISERTATIE_v3\RG3DPlayer\VIET_2025_DISERTATIE_v3_Rg_2025_07_12_t_16_47_49\cad\C2R173G177P1839.pod"</filepath>
  </SETPOD>
  <SETPOD name="C2R173_rb_J5" uiname="GP: 1 - M-410iC/185" fullname="SimPRO.RGCRobotGroup">
    <filesize>"47.614(Kbyte)"</filesize>
    <filepath>"C:\Users\40744\Adrian Oncioiu\Desktop\Master\Diseertatie\ROBOGUIDE\VIET_2025_DISERTATIE_v3\RG3DPlayer\VIET_2025_DISERTATIE_v3_Rg_2025_07_12_t_16_47_49\cad\C2R173_rb_J5.pod"</filepath>
  </SETPOD>
  <SETPOD name="O259" uiname="FENCE_EXP_H2000_W1000311" fullname="SimPRO.RGCObstacle">
    <filesize>"645.498(Kbyte)"</filesize>
    <filepath>"C:\Users\40744\Adrian Oncioiu\Desktop\Master\Diseertatie\ROBOGUIDE\VIET_2025_DISERTATIE_v3\RG3DPlayer\VIET_2025_DISERTATIE_v3_Rg_2025_07_12_t_16_47_49\cad\O1932.pod"</filepath>
  </SETPOD>
  <SETPOD name="O1937" uiname="7200031502" fullname="SimPRO.RGCObstacle">
    <filesize>"282.285(Kbyte)"</filesize>
    <filepath>"C:\Users\40744\Adrian Oncioiu\Desktop\Master\Diseertatie\ROBOGUIDE\VIET_2025_DISERTATIE_v3\RG3DPlayer\VIET_2025_DISERTATIE_v3_Rg_2025_07_12_t_16_47_49\cad\O1935.pod"</filepath>
  </SETPOD>
  <SETPOD name="FX1064P1350" uiname="Part1[3,3(1)]" fullname="SimPRO.RGCAttachedPart">
    <filesize>"4.854(Kbyte)"</filesize>
    <filepath>"C:\Users\40744\Adrian Oncioiu\Desktop\Master\Diseertatie\ROBOGUIDE\VIET_2025_DISERTATIE_v3\RG3DPlayer\VIET_2025_DISERTATIE_v3_Rg_2025_07_12_t_16_47_49\cad\FX1064P1350.pod"</filepath>
  </SETPOD>
  <SETPOD name="FX1064P1346" uiname="Part1[2,4(1)]" fullname="SimPRO.RGCAttachedPart">
    <filesize>"4.854(Kbyte)"</filesize>
    <filepath>"C:\Users\40744\Adrian Oncioiu\Desktop\Master\Diseertatie\ROBOGUIDE\VIET_2025_DISERTATIE_v3\RG3DPlayer\VIET_2025_DISERTATIE_v3_Rg_2025_07_12_t_16_47_49\cad\FX1064P1346.pod"</filepath>
  </SETPOD>
  <SETPOD name="FX1064P1307" uiname="Part1[3,2]" fullname="SimPRO.RGCAttachedPart">
    <filesize>"4.854(Kbyte)"</filesize>
    <filepath>"C:\Users\40744\Adrian Oncioiu\Desktop\Master\Diseertatie\ROBOGUIDE\VIET_2025_DISERTATIE_v3\RG3DPlayer\VIET_2025_DISERTATIE_v3_Rg_2025_07_12_t_16_47_49\cad\FX1064P1307.pod"</filepath>
  </SETPOD>
  <SETPOD name="FX1063P1248" uiname="Part1[2,5]" fullname="SimPRO.RGCAttachedPart">
    <filesize>"4.854(Kbyte)"</filesize>
    <filepath>"C:\Users\40744\Adrian Oncioiu\Desktop\Master\Diseertatie\ROBOGUIDE\VIET_2025_DISERTATIE_v3\RG3DPlayer\VIET_2025_DISERTATIE_v3_Rg_2025_07_12_t_16_47_49\cad\FX1063P1248.pod"</filepath>
  </SETPOD>
  <SETPOD name="FX1063P1155" uiname="Part1[1,1(1)]" fullname="SimPRO.RGCAttachedPart">
    <filesize>"4.854(Kbyte)"</filesize>
    <filepath>"C:\Users\40744\Adrian Oncioiu\Desktop\Master\Diseertatie\ROBOGUIDE\VIET_2025_DISERTATIE_v3\RG3DPlayer\VIET_2025_DISERTATIE_v3_Rg_2025_07_12_t_16_47_49\cad\FX1063P1155.pod"</filepath>
  </SETPOD>
  <SETPOD name="D3348D3572E3572CURPOS0" uiname="Link1" fullname="SimPRO.RGCMachineLink">
    <filesize>"4.296(Kbyte)"</filesize>
    <filepath>"C:\Users\40744\Adrian Oncioiu\Desktop\Master\Diseertatie\ROBOGUIDE\VIET_2025_DISERTATIE_v3\RG3DPlayer\VIET_2025_DISERTATIE_v3_Rg_2025_07_12_t_16_47_49\cad\D3348D3572E3572CURPOS0.pod"</filepath>
  </SETPOD>
  <SETPOD name="D1447D1810" uiname="Link2" fullname="SimPRO.RGCMachineLink">
    <filesize>"4.855(Mbyte)"</filesize>
    <filepath>"C:\Users\40744\Adrian Oncioiu\Desktop\Master\Diseertatie\ROBOGUIDE\VIET_2025_DISERTATIE_v3\RG3DPlayer\VIET_2025_DISERTATIE_v3_Rg_2025_07_12_t_16_47_49\cad\D1447D1810.pod"</filepath>
  </SETPOD>
  <SETPOD name="C4R500U519" uiname="UFrame8" fullname="SimPRO.RGCUserFrame">
    <filesize>"4.296(Kbyte)"</filesize>
    <filepath>"C:\Users\40744\Adrian Oncioiu\Desktop\Master\Diseertatie\ROBOGUIDE\VIET_2025_DISERTATIE_v3\RG3DPlayer\VIET_2025_DISERTATIE_v3_Rg_2025_07_12_t_16_47_49\cad\C4R500U519.pod"</filepath>
  </SETPOD>
  <SETPOD name="C4R500U515" uiname="UFrame4" fullname="SimPRO.RGCUserFrame">
    <filesize>"4.296(Kbyte)"</filesize>
    <filepath>"C:\Users\40744\Adrian Oncioiu\Desktop\Master\Diseertatie\ROBOGUIDE\VIET_2025_DISERTATIE_v3\RG3DPlayer\VIET_2025_DISERTATIE_v3_Rg_2025_07_12_t_16_47_49\cad\C4R500U515.pod"</filepath>
  </SETPOD>
  <SETPOD name="C4R500CBL565-C27" uiname="CABLE_J2J3" fullname="SimPRO.RGCRobotCable">
    <filesize>"5.206(Kbyte)"</filesize>
    <filepath>"C:\Users\40744\Adrian Oncioiu\Desktop\Master\Diseertatie\ROBOGUIDE\VIET_2025_DISERTATIE_v3\RG3DPlayer\VIET_2025_DISERTATIE_v3_Rg_2025_07_12_t_16_47_49\cad\C4R500CBL565-C27.pod"</filepath>
  </SETPOD>
  <SETPOD name="C4R500CBL564-C17" uiname="CABLE_J1J2" fullname="SimPRO.RGCRobotCable">
    <filesize>"5.206(Kbyte)"</filesize>
    <filepath>"C:\Users\40744\Adrian Oncioiu\Desktop\Master\Diseertatie\ROBOGUIDE\VIET_2025_DISERTATIE_v3\RG3DPlayer\VIET_2025_DISERTATIE_v3_Rg_2025_07_12_t_16_47_49\cad\C4R500CBL564-C17.pod"</filepath>
  </SETPOD>
  <SETPOD name="C4R500CBL564-C10" uiname="CABLE_J1J2" fullname="SimPRO.RGCRobotCable">
    <filesize>"5.206(Kbyte)"</filesize>
    <filepath>"C:\Users\40744\Adrian Oncioiu\Desktop\Master\Diseertatie\ROBOGUIDE\VIET_2025_DISERTATIE_v3\RG3DPlayer\VIET_2025_DISERTATIE_v3_Rg_2025_07_12_t_16_47_49\cad\C4R500CBL564-C10.pod"</filepath>
  </SETPOD>
  <SETPOD name="C2R173_rb_J4" uiname="GP: 1 - M-410iC/185" fullname="SimPRO.RGCRobotGroup">
    <filesize>"127.655(Kbyte)"</filesize>
    <filepath>"C:\Users\40744\Adrian Oncioiu\Desktop\Master\Diseertatie\ROBOGUIDE\VIET_2025_DISERTATIE_v3\RG3DPlayer\VIET_2025_DISERTATIE_v3_Rg_2025_07_12_t_16_47_49\cad\C2R173_rb_J4.pod"</filepath>
  </SETPOD>
  <SETPOD name="C2R173_rb_J3" uiname="GP: 1 - M-410iC/185" fullname="SimPRO.RGCRobotGroup">
    <filesize>"31.600(Kbyte)"</filesize>
    <filepath>"C:\Users\40744\Adrian Oncioiu\Desktop\Master\Diseertatie\ROBOGUIDE\VIET_2025_DISERTATIE_v3\RG3DPlayer\VIET_2025_DISERTATIE_v3_Rg_2025_07_12_t_16_47_49\cad\C2R173_rb_J3.pod"</filepath>
  </SETPOD>
  <SETPOD name="O246" uiname="FENCE_EXP_H2000_W10001" fullname="SimPRO.RGCObstacle">
    <filesize>"645.498(Kbyte)"</filesize>
    <filepath>"C:\Users\40744\Adrian Oncioiu\Desktop\Master\Diseertatie\ROBOGUIDE\VIET_2025_DISERTATIE_v3\RG3DPlayer\VIET_2025_DISERTATIE_v3_Rg_2025_07_12_t_16_47_49\cad\O1932.pod"</filepath>
  </SETPOD>
  <SETPOD name="O1939" uiname="EMG box" fullname="SimPRO.RGCObstacle">
    <filesize>"107.648(Kbyte)"</filesize>
    <filepath>"C:\Users\40744\Adrian Oncioiu\Desktop\Master\Diseertatie\ROBOGUIDE\VIET_2025_DISERTATIE_v3\RG3DPlayer\VIET_2025_DISERTATIE_v3_Rg_2025_07_12_t_16_47_49\cad\O1939.pod"</filepath>
  </SETPOD>
  <SETPOD name="FX1063P1243" uiname="Part1[1,5]" fullname="SimPRO.RGCAttachedPart">
    <filesize>"4.854(Kbyte)"</filesize>
    <filepath>"C:\Users\40744\Adrian Oncioiu\Desktop\Master\Diseertatie\ROBOGUIDE\VIET_2025_DISERTATIE_v3\RG3DPlayer\VIET_2025_DISERTATIE_v3_Rg_2025_07_12_t_16_47_49\cad\FX1063P1243.pod"</filepath>
  </SETPOD>
  <SETPOD name="FX1063P1137" uiname="Part1[1,1]" fullname="SimPRO.RGCAttachedPart">
    <filesize>"4.854(Kbyte)"</filesize>
    <filepath>"C:\Users\40744\Adrian Oncioiu\Desktop\Master\Diseertatie\ROBOGUIDE\VIET_2025_DISERTATIE_v3\RG3DPlayer\VIET_2025_DISERTATIE_v3_Rg_2025_07_12_t_16_47_49\cad\FX1063P1137.pod"</filepath>
  </SETPOD>
  <SETPOD name="D3783D4298" uiname="Link1" fullname="SimPRO.RGCMachineLink">
    <filesize>"4.854(Kbyte)"</filesize>
    <filepath>"C:\Users\40744\Adrian Oncioiu\Desktop\Master\Diseertatie\ROBOGUIDE\VIET_2025_DISERTATIE_v3\RG3DPlayer\VIET_2025_DISERTATIE_v3_Rg_2025_07_12_t_16_47_49\cad\D3783D4298.pod"</filepath>
  </SETPOD>
  <SETPOD name="C4R500KinematicsZero" uiname="GP: 1 - R-2000iC/125L" fullname="SimPRO.RGCRobotGroup">
    <filesize>"4.296(Kbyte)"</filesize>
    <filepath>"C:\Users\40744\Adrian Oncioiu\Desktop\Master\Diseertatie\ROBOGUIDE\VIET_2025_DISERTATIE_v3\RG3DPlayer\VIET_2025_DISERTATIE_v3_Rg_2025_07_12_t_16_47_49\cad\C4R500KinematicsZero.pod"</filepath>
  </SETPOD>
  <SETPOD name="C4R500CBL565-C8" uiname="CABLE_J2J3" fullname="SimPRO.RGCRobotCable">
    <filesize>"5.206(Kbyte)"</filesize>
    <filepath>"C:\Users\40744\Adrian Oncioiu\Desktop\Master\Diseertatie\ROBOGUIDE\VIET_2025_DISERTATIE_v3\RG3DPlayer\VIET_2025_DISERTATIE_v3_Rg_2025_07_12_t_16_47_49\cad\C4R500CBL565-C8.pod"</filepath>
  </SETPOD>
  <SETPOD name="C4R500CBL565-C3" uiname="CABLE_J2J3" fullname="SimPRO.RGCRobotCable">
    <filesize>"5.206(Kbyte)"</filesize>
    <filepath>"C:\Users\40744\Adrian Oncioiu\Desktop\Master\Diseertatie\ROBOGUIDE\VIET_2025_DISERTATIE_v3\RG3DPlayer\VIET_2025_DISERTATIE_v3_Rg_2025_07_12_t_16_47_49\cad\C4R500CBL565-C3.pod"</filepath>
  </SETPOD>
  <SETPOD name="C2R173U190" uiname="UFrame6" fullname="SimPRO.RGCUserFrame">
    <filesize>"4.296(Kbyte)"</filesize>
    <filepath>"C:\Users\40744\Adrian Oncioiu\Desktop\Master\Diseertatie\ROBOGUIDE\VIET_2025_DISERTATIE_v3\RG3DPlayer\VIET_2025_DISERTATIE_v3_Rg_2025_07_12_t_16_47_49\cad\C2R173U190.pod"</filepath>
  </SETPOD>
  <SETPOD name="C2R173U189" uiname="UFrame5" fullname="SimPRO.RGCUserFrame">
    <filesize>"4.296(Kbyte)"</filesize>
    <filepath>"C:\Users\40744\Adrian Oncioiu\Desktop\Master\Diseertatie\ROBOGUIDE\VIET_2025_DISERTATIE_v3\RG3DPlayer\VIET_2025_DISERTATIE_v3_Rg_2025_07_12_t_16_47_49\cad\C2R173U189.pod"</filepath>
  </SETPOD>
  <SETPOD name="C2R173_rb_J1" uiname="GP: 1 - M-410iC/185" fullname="SimPRO.RGCRobotGroup">
    <filesize>"201.258(Kbyte)"</filesize>
    <filepath>"C:\Users\40744\Adrian Oncioiu\Desktop\Master\Diseertatie\ROBOGUIDE\VIET_2025_DISERTATIE_v3\RG3DPlayer\VIET_2025_DISERTATIE_v3_Rg_2025_07_12_t_16_47_49\cad\C2R173_rb_J1.pod"</filepath>
  </SETPOD>
  <SETPOD name="O3237" uiname="Obstacle1" fullname="SimPRO.RGCObstacle">
    <filesize>"4.854(Kbyte)"</filesize>
    <filepath>"C:\Users\40744\Adrian Oncioiu\Desktop\Master\Diseertatie\ROBOGUIDE\VIET_2025_DISERTATIE_v3\RG3DPlayer\VIET_2025_DISERTATIE_v3_Rg_2025_07_12_t_16_47_49\cad\O3237.pod"</filepath>
  </SETPOD>
  <SETPOD name="FX1064P1348" uiname="Part1[3,1(1)]" fullname="SimPRO.RGCAttachedPart">
    <filesize>"4.854(Kbyte)"</filesize>
    <filepath>"C:\Users\40744\Adrian Oncioiu\Desktop\Master\Diseertatie\ROBOGUIDE\VIET_2025_DISERTATIE_v3\RG3DPlayer\VIET_2025_DISERTATIE_v3_Rg_2025_07_12_t_16_47_49\cad\FX1064P1348.pod"</filepath>
  </SETPOD>
  <SETPOD name="FX1064P1305" uiname="Part1[2,5]" fullname="SimPRO.RGCAttachedPart">
    <filesize>"4.854(Kbyte)"</filesize>
    <filepath>"C:\Users\40744\Adrian Oncioiu\Desktop\Master\Diseertatie\ROBOGUIDE\VIET_2025_DISERTATIE_v3\RG3DPlayer\VIET_2025_DISERTATIE_v3_Rg_2025_07_12_t_16_47_49\cad\FX1064P1305.pod"</filepath>
  </SETPOD>
  <SETPOD name="FX1064P1299" uiname="Part1[1,4]" fullname="SimPRO.RGCAttachedPart">
    <filesize>"4.854(Kbyte)"</filesize>
    <filepath>"C:\Users\40744\Adrian Oncioiu\Desktop\Master\Diseertatie\ROBOGUIDE\VIET_2025_DISERTATIE_v3\RG3DPlayer\VIET_2025_DISERTATIE_v3_Rg_2025_07_12_t_16_47_49\cad\FX1064P1299.pod"</filepath>
  </SETPOD>
  <SETPOD name="C4R500CBL565-C25" uiname="CABLE_J2J3" fullname="SimPRO.RGCRobotCable">
    <filesize>"5.206(Kbyte)"</filesize>
    <filepath>"C:\Users\40744\Adrian Oncioiu\Desktop\Master\Diseertatie\ROBOGUIDE\VIET_2025_DISERTATIE_v3\RG3DPlayer\VIET_2025_DISERTATIE_v3_Rg_2025_07_12_t_16_47_49\cad\C4R500CBL565-C25.pod"</filepath>
  </SETPOD>
  <SETPOD name="C4R500CBL565-C23" uiname="CABLE_J2J3" fullname="SimPRO.RGCRobotCable">
    <filesize>"5.206(Kbyte)"</filesize>
    <filepath>"C:\Users\40744\Adrian Oncioiu\Desktop\Master\Diseertatie\ROBOGUIDE\VIET_2025_DISERTATIE_v3\RG3DPlayer\VIET_2025_DISERTATIE_v3_Rg_2025_07_12_t_16_47_49\cad\C4R500CBL565-C23.pod"</filepath>
  </SETPOD>
  <SETPOD name="C4R500CBL565-C18" uiname="CABLE_J2J3" fullname="SimPRO.RGCRobotCable">
    <filesize>"5.206(Kbyte)"</filesize>
    <filepath>"C:\Users\40744\Adrian Oncioiu\Desktop\Master\Diseertatie\ROBOGUIDE\VIET_2025_DISERTATIE_v3\RG3DPlayer\VIET_2025_DISERTATIE_v3_Rg_2025_07_12_t_16_47_49\cad\C4R500CBL565-C18.pod"</filepath>
  </SETPOD>
  <SETPOD name="C4R500CBL564-C7" uiname="CABLE_J1J2" fullname="SimPRO.RGCRobotCable">
    <filesize>"5.206(Kbyte)"</filesize>
    <filepath>"C:\Users\40744\Adrian Oncioiu\Desktop\Master\Diseertatie\ROBOGUIDE\VIET_2025_DISERTATIE_v3\RG3DPlayer\VIET_2025_DISERTATIE_v3_Rg_2025_07_12_t_16_47_49\cad\C4R500CBL564-C7.pod"</filepath>
  </SETPOD>
  <SETPOD name="O1927" uiname="R-30iA_iPendant" fullname="SimPRO.RGCObstacle">
    <filesize>"556.820(Kbyte)"</filesize>
    <filepath>"C:\Users\40744\Adrian Oncioiu\Desktop\Master\Diseertatie\ROBOGUIDE\VIET_2025_DISERTATIE_v3\RG3DPlayer\VIET_2025_DISERTATIE_v3_Rg_2025_07_12_t_16_47_49\cad\O1927.pod"</filepath>
  </SETPOD>
  <SETPOD name="FX2020" uiname="SIST CENTRARE" fullname="SimPRO.RGCFixture">
    <filesize>"641.447(Kbyte)"</filesize>
    <filepath>"C:\Users\40744\Adrian Oncioiu\Desktop\Master\Diseertatie\ROBOGUIDE\VIET_2025_DISERTATIE_v3\RG3DPlayer\VIET_2025_DISERTATIE_v3_Rg_2025_07_12_t_16_47_49\cad\FX2020.pod"</filepath>
  </SETPOD>
  <SETPOD name="FX1064" uiname="plt_48x40_999999" fullname="SimPRO.RGCFixture">
    <filesize>"33.006(Kbyte)"</filesize>
    <filepath>"C:\Users\40744\Adrian Oncioiu\Desktop\Master\Diseertatie\ROBOGUIDE\VIET_2025_DISERTATIE_v3\RG3DPlayer\VIET_2025_DISERTATIE_v3_Rg_2025_07_12_t_16_47_49\cad\FX1064.pod"</filepath>
  </SETPOD>
  <SETPOD name="FX1063P1273" uiname="Part1[2,2(1)]" fullname="SimPRO.RGCAttachedPart">
    <filesize>"4.854(Kbyte)"</filesize>
    <filepath>"C:\Users\40744\Adrian Oncioiu\Desktop\Master\Diseertatie\ROBOGUIDE\VIET_2025_DISERTATIE_v3\RG3DPlayer\VIET_2025_DISERTATIE_v3_Rg_2025_07_12_t_16_47_49\cad\FX1063P1273.pod"</filepath>
  </SETPOD>
  <SETPOD name="FX1063P1270" uiname="Part1[1,4(1)]" fullname="SimPRO.RGCAttachedPart">
    <filesize>"4.854(Kbyte)"</filesize>
    <filepath>"C:\Users\40744\Adrian Oncioiu\Desktop\Master\Diseertatie\ROBOGUIDE\VIET_2025_DISERTATIE_v3\RG3DPlayer\VIET_2025_DISERTATIE_v3_Rg_2025_07_12_t_16_47_49\cad\FX1063P1270.pod"</filepath>
  </SETPOD>
  <SETPOD name="FX1063P1249" uiname="Part1[3,1]" fullname="SimPRO.RGCAttachedPart">
    <filesize>"4.854(Kbyte)"</filesize>
    <filepath>"C:\Users\40744\Adrian Oncioiu\Desktop\Master\Diseertatie\ROBOGUIDE\VIET_2025_DISERTATIE_v3\RG3DPlayer\VIET_2025_DISERTATIE_v3_Rg_2025_07_12_t_16_47_49\cad\FX1063P1249.pod"</filepath>
  </SETPOD>
  <SETPOD name="FX1063P1246" uiname="Part1[2,3]" fullname="SimPRO.RGCAttachedPart">
    <filesize>"4.854(Kbyte)"</filesize>
    <filepath>"C:\Users\40744\Adrian Oncioiu\Desktop\Master\Diseertatie\ROBOGUIDE\VIET_2025_DISERTATIE_v3\RG3DPlayer\VIET_2025_DISERTATIE_v3_Rg_2025_07_12_t_16_47_49\cad\FX1063P1246.pod"</filepath>
  </SETPOD>
  <SETPOD name="D3783D4298E4298" uiname="Link1" fullname="SimPRO.RGCMachineLink">
    <filesize>"4.296(Kbyte)"</filesize>
    <filepath>"C:\Users\40744\Adrian Oncioiu\Desktop\Master\Diseertatie\ROBOGUIDE\VIET_2025_DISERTATIE_v3\RG3DPlayer\VIET_2025_DISERTATIE_v3_Rg_2025_07_12_t_16_47_49\cad\D3783D4298E4298.pod"</filepath>
  </SETPOD>
  <SETPOD name="D171" uiname="Machine_entry" fullname="SimPRO.RGCMachine">
    <filesize>"4.854(Kbyte)"</filesize>
    <filepath>"C:\Users\40744\Adrian Oncioiu\Desktop\Master\Diseertatie\ROBOGUIDE\VIET_2025_DISERTATIE_v3\RG3DPlayer\VIET_2025_DISERTATIE_v3_Rg_2025_07_12_t_16_47_49\cad\D171.pod"</filepath>
  </SETPOD>
  <SETPOD name="C4R500U518" uiname="UFrame7" fullname="SimPRO.RGCUserFrame">
    <filesize>"4.296(Kbyte)"</filesize>
    <filepath>"C:\Users\40744\Adrian Oncioiu\Desktop\Master\Diseertatie\ROBOGUIDE\VIET_2025_DISERTATIE_v3\RG3DPlayer\VIET_2025_DISERTATIE_v3_Rg_2025_07_12_t_16_47_49\cad\C4R500U518.pod"</filepath>
  </SETPOD>
  <SETPOD name="C4R500U513" uiname="PLAN INCLINAT" fullname="SimPRO.RGCUserFrame">
    <filesize>"4.296(Kbyte)"</filesize>
    <filepath>"C:\Users\40744\Adrian Oncioiu\Desktop\Master\Diseertatie\ROBOGUIDE\VIET_2025_DISERTATIE_v3\RG3DPlayer\VIET_2025_DISERTATIE_v3_Rg_2025_07_12_t_16_47_49\cad\C4R500U513.pod"</filepath>
  </SETPOD>
  <SETPOD name="C4R500CBL565-C14" uiname="CABLE_J2J3" fullname="SimPRO.RGCRobotCable">
    <filesize>"5.206(Kbyte)"</filesize>
    <filepath>"C:\Users\40744\Adrian Oncioiu\Desktop\Master\Diseertatie\ROBOGUIDE\VIET_2025_DISERTATIE_v3\RG3DPlayer\VIET_2025_DISERTATIE_v3_Rg_2025_07_12_t_16_47_49\cad\C4R500CBL565-C14.pod"</filepath>
  </SETPOD>
  <SETPOD name="C4R500CBL564-C11" uiname="CABLE_J1J2" fullname="SimPRO.RGCRobotCable">
    <filesize>"5.206(Kbyte)"</filesize>
    <filepath>"C:\Users\40744\Adrian Oncioiu\Desktop\Master\Diseertatie\ROBOGUIDE\VIET_2025_DISERTATIE_v3\RG3DPlayer\VIET_2025_DISERTATIE_v3_Rg_2025_07_12_t_16_47_49\cad\C4R500CBL564-C11.pod"</filepath>
  </SETPOD>
  <SETPOD name="C2R173U173">
    <filesize>"4.296(Kbyte)"</filesize>
    <filepath>"C:\Users\40744\Adrian Oncioiu\Desktop\Master\Diseertatie\ROBOGUIDE\VIET_2025_DISERTATIE_v3\RG3DPlayer\VIET_2025_DISERTATIE_v3_Rg_2025_07_12_t_16_47_49\cad\C2R173U173.pod"</filepath>
  </SETPOD>
  <SETPOD name="C4R500_rb_J4" uiname="GP: 1 - R-2000iC/125L" fullname="SimPRO.RGCRobotGroup">
    <filesize>"35.907(Kbyte)"</filesize>
    <filepath>"C:\Users\40744\Adrian Oncioiu\Desktop\Master\Diseertatie\ROBOGUIDE\VIET_2025_DISERTATIE_v3\RG3DPlayer\VIET_2025_DISERTATIE_v3_Rg_2025_07_12_t_16_47_49\cad\C4R500_rb_J4.pod"</filepath>
  </SETPOD>
  <SETPOD name="C2R173_rb_J10" uiname="GP: 1 - M-410iC/185" fullname="SimPRO.RGCRobotGroup">
    <filesize>"17.139(Kbyte)"</filesize>
    <filepath>"C:\Users\40744\Adrian Oncioiu\Desktop\Master\Diseertatie\ROBOGUIDE\VIET_2025_DISERTATIE_v3\RG3DPlayer\VIET_2025_DISERTATIE_v3_Rg_2025_07_12_t_16_47_49\cad\C2R173_rb_J10.pod"</filepath>
  </SETPOD>
  <SETPOD name="O260" uiname="FENCE_EXP_H2000_W10003111" fullname="SimPRO.RGCObstacle">
    <filesize>"645.498(Kbyte)"</filesize>
    <filepath>"C:\Users\40744\Adrian Oncioiu\Desktop\Master\Diseertatie\ROBOGUIDE\VIET_2025_DISERTATIE_v3\RG3DPlayer\VIET_2025_DISERTATIE_v3_Rg_2025_07_12_t_16_47_49\cad\O1932.pod"</filepath>
  </SETPOD>
  <SETPOD name="O254" uiname="PC_All" fullname="SimPRO.RGCObstacle">
    <filesize>"75.044(Kbyte)"</filesize>
    <filepath>"C:\Users\40744\Adrian Oncioiu\Desktop\Master\Diseertatie\ROBOGUIDE\VIET_2025_DISERTATIE_v3\RG3DPlayer\VIET_2025_DISERTATIE_v3_Rg_2025_07_12_t_16_47_49\cad\O254.pod"</filepath>
  </SETPOD>
  <SETPOD name="O1929" uiname="R-30iB_Mate" fullname="SimPRO.RGCObstacle">
    <filesize>"700.152(Kbyte)"</filesize>
    <filepath>"C:\Users\40744\Adrian Oncioiu\Desktop\Master\Diseertatie\ROBOGUIDE\VIET_2025_DISERTATIE_v3\RG3DPlayer\VIET_2025_DISERTATIE_v3_Rg_2025_07_12_t_16_47_49\cad\O1929.pod"</filepath>
  </SETPOD>
  <SETPOD name="FX1815" uiname="Conveyer_1500" fullname="SimPRO.RGCFixture">
    <filesize>"485.324(Kbyte)"</filesize>
    <filepath>"C:\Users\40744\Adrian Oncioiu\Desktop\Master\Diseertatie\ROBOGUIDE\VIET_2025_DISERTATIE_v3\RG3DPlayer\VIET_2025_DISERTATIE_v3_Rg_2025_07_12_t_16_47_49\cad\FX1815.pod"</filepath>
  </SETPOD>
  <SETPOD name="FX1064P1352" uiname="Part1[3,5(1)]" fullname="SimPRO.RGCAttachedPart">
    <filesize>"4.854(Kbyte)"</filesize>
    <filepath>"C:\Users\40744\Adrian Oncioiu\Desktop\Master\Diseertatie\ROBOGUIDE\VIET_2025_DISERTATIE_v3\RG3DPlayer\VIET_2025_DISERTATIE_v3_Rg_2025_07_12_t_16_47_49\cad\FX1064P1352.pod"</filepath>
  </SETPOD>
  <SETPOD name="FX1064P1308" uiname="Part1[3,3]" fullname="SimPRO.RGCAttachedPart">
    <filesize>"4.854(Kbyte)"</filesize>
    <filepath>"C:\Users\40744\Adrian Oncioiu\Desktop\Master\Diseertatie\ROBOGUIDE\VIET_2025_DISERTATIE_v3\RG3DPlayer\VIET_2025_DISERTATIE_v3_Rg_2025_07_12_t_16_47_49\cad\FX1064P1308.pod"</filepath>
  </SETPOD>
  <SETPOD name="FX1063P1269" uiname="Part1[1,3(1)]" fullname="SimPRO.RGCAttachedPart">
    <filesize>"4.854(Kbyte)"</filesize>
    <filepath>"C:\Users\40744\Adrian Oncioiu\Desktop\Master\Diseertatie\ROBOGUIDE\VIET_2025_DISERTATIE_v3\RG3DPlayer\VIET_2025_DISERTATIE_v3_Rg_2025_07_12_t_16_47_49\cad\FX1063P1269.pod"</filepath>
  </SETPOD>
  <SETPOD name="D1804" uiname="Machine_exit" fullname="SimPRO.RGCMachine">
    <filesize>"4.854(Kbyte)"</filesize>
    <filepath>"C:\Users\40744\Adrian Oncioiu\Desktop\Master\Diseertatie\ROBOGUIDE\VIET_2025_DISERTATIE_v3\RG3DPlayer\VIET_2025_DISERTATIE_v3_Rg_2025_07_12_t_16_47_49\cad\D1804.pod"</filepath>
  </SETPOD>
  <SETPOD name="C4R500CBL565-C6" uiname="CABLE_J2J3" fullname="SimPRO.RGCRobotCable">
    <filesize>"5.206(Kbyte)"</filesize>
    <filepath>"C:\Users\40744\Adrian Oncioiu\Desktop\Master\Diseertatie\ROBOGUIDE\VIET_2025_DISERTATIE_v3\RG3DPlayer\VIET_2025_DISERTATIE_v3_Rg_2025_07_12_t_16_47_49\cad\C4R500CBL565-C6.pod"</filepath>
  </SETPOD>
  <SETPOD name="C4R500CBL565-C5" uiname="CABLE_J2J3" fullname="SimPRO.RGCRobotCable">
    <filesize>"5.206(Kbyte)"</filesize>
    <filepath>"C:\Users\40744\Adrian Oncioiu\Desktop\Master\Diseertatie\ROBOGUIDE\VIET_2025_DISERTATIE_v3\RG3DPlayer\VIET_2025_DISERTATIE_v3_Rg_2025_07_12_t_16_47_49\cad\C4R500CBL565-C5.pod"</filepath>
  </SETPOD>
  <SETPOD name="C4R500CBL565-C24" uiname="CABLE_J2J3" fullname="SimPRO.RGCRobotCable">
    <filesize>"5.206(Kbyte)"</filesize>
    <filepath>"C:\Users\40744\Adrian Oncioiu\Desktop\Master\Diseertatie\ROBOGUIDE\VIET_2025_DISERTATIE_v3\RG3DPlayer\VIET_2025_DISERTATIE_v3_Rg_2025_07_12_t_16_47_49\cad\C4R500CBL565-C24.pod"</filepath>
  </SETPOD>
  <SETPOD name="C2R173U185" uiname="PALET" fullname="SimPRO.RGCUserFrame">
    <filesize>"4.296(Kbyte)"</filesize>
    <filepath>"C:\Users\40744\Adrian Oncioiu\Desktop\Master\Diseertatie\ROBOGUIDE\VIET_2025_DISERTATIE_v3\RG3DPlayer\VIET_2025_DISERTATIE_v3_Rg_2025_07_12_t_16_47_49\cad\C2R173U185.pod"</filepath>
  </SETPOD>
  <SETPOD name="C2R173G177V2" uiname="Vaccum_grip_new" fullname="SimPRO.RGCEOAT">
    <filesize>"4.296(Kbyte)"</filesize>
    <filepath>"C:\Users\40744\Adrian Oncioiu\Desktop\Master\Diseertatie\ROBOGUIDE\VIET_2025_DISERTATIE_v3\RG3DPlayer\VIET_2025_DISERTATIE_v3_Rg_2025_07_12_t_16_47_49\cad\C2R173G177V2.pod"</filepath>
  </SETPOD>
  <SETPOD name="C4R500_rb_J7" uiname="GP: 1 - R-2000iC/125L" fullname="SimPRO.RGCRobotGroup">
    <filesize>"10.271(Kbyte)"</filesize>
    <filepath>"C:\Users\40744\Adrian Oncioiu\Desktop\Master\Diseertatie\ROBOGUIDE\VIET_2025_DISERTATIE_v3\RG3DPlayer\VIET_2025_DISERTATIE_v3_Rg_2025_07_12_t_16_47_49\cad\C4R500_rb_J7.pod"</filepath>
  </SETPOD>
  <SETPOD name="C4R500_rb_J3" uiname="GP: 1 - R-2000iC/125L" fullname="SimPRO.RGCRobotGroup">
    <filesize>"191.135(Kbyte)"</filesize>
    <filepath>"C:\Users\40744\Adrian Oncioiu\Desktop\Master\Diseertatie\ROBOGUIDE\VIET_2025_DISERTATIE_v3\RG3DPlayer\VIET_2025_DISERTATIE_v3_Rg_2025_07_12_t_16_47_49\cad\C4R500_rb_J3.pod"</filepath>
  </SETPOD>
  <SETPOD name="FX1064P1341" uiname="Part1[1,4(1)]" fullname="SimPRO.RGCAttachedPart">
    <filesize>"4.854(Kbyte)"</filesize>
    <filepath>"C:\Users\40744\Adrian Oncioiu\Desktop\Master\Diseertatie\ROBOGUIDE\VIET_2025_DISERTATIE_v3\RG3DPlayer\VIET_2025_DISERTATIE_v3_Rg_2025_07_12_t_16_47_49\cad\FX1064P1341.pod"</filepath>
  </SETPOD>
  <SETPOD name="FX1064P1282" uiname="Part1[1,1(1)]" fullname="SimPRO.RGCAttachedPart">
    <filesize>"4.854(Kbyte)"</filesize>
    <filepath>"C:\Users\40744\Adrian Oncioiu\Desktop\Master\Diseertatie\ROBOGUIDE\VIET_2025_DISERTATIE_v3\RG3DPlayer\VIET_2025_DISERTATIE_v3_Rg_2025_07_12_t_16_47_49\cad\FX1064P1282.pod"</filepath>
  </SETPOD>
  <SETPOD name="FX1063P1274" uiname="Part1[2,3(1)]" fullname="SimPRO.RGCAttachedPart">
    <filesize>"4.854(Kbyte)"</filesize>
    <filepath>"C:\Users\40744\Adrian Oncioiu\Desktop\Master\Diseertatie\ROBOGUIDE\VIET_2025_DISERTATIE_v3\RG3DPlayer\VIET_2025_DISERTATIE_v3_Rg_2025_07_12_t_16_47_49\cad\FX1063P1274.pod"</filepath>
  </SETPOD>
  <SETPOD name="FX1063P1244" uiname="Part1[2,1]" fullname="SimPRO.RGCAttachedPart">
    <filesize>"4.854(Kbyte)"</filesize>
    <filepath>"C:\Users\40744\Adrian Oncioiu\Desktop\Master\Diseertatie\ROBOGUIDE\VIET_2025_DISERTATIE_v3\RG3DPlayer\VIET_2025_DISERTATIE_v3_Rg_2025_07_12_t_16_47_49\cad\FX1063P1244.pod"</filepath>
  </SETPOD>
  <SETPOD name="FX1063P1241" uiname="Part1[1,3]" fullname="SimPRO.RGCAttachedPart">
    <filesize>"4.854(Kbyte)"</filesize>
    <filepath>"C:\Users\40744\Adrian Oncioiu\Desktop\Master\Diseertatie\ROBOGUIDE\VIET_2025_DISERTATIE_v3\RG3DPlayer\VIET_2025_DISERTATIE_v3_Rg_2025_07_12_t_16_47_49\cad\FX1063P1241.pod"</filepath>
  </SETPOD>
  <SETPOD name="D3783" uiname="exit_convy" fullname="SimPRO.RGCMachine">
    <filesize>"4.448(Mbyte)"</filesize>
    <filepath>"C:\Users\40744\Adrian Oncioiu\Desktop\Master\Diseertatie\ROBOGUIDE\VIET_2025_DISERTATIE_v3\RG3DPlayer\VIET_2025_DISERTATIE_v3_Rg_2025_07_12_t_16_47_49\cad\D3783.pod"</filepath>
  </SETPOD>
  <SETPOD name="D1447D1810P2021" uiname="Part1" fullname="SimPRO.RGCAttachedPart">
    <filesize>"4.854(Kbyte)"</filesize>
    <filepath>"C:\Users\40744\Adrian Oncioiu\Desktop\Master\Diseertatie\ROBOGUIDE\VIET_2025_DISERTATIE_v3\RG3DPlayer\VIET_2025_DISERTATIE_v3_Rg_2025_07_12_t_16_47_49\cad\D1447D1810P2021.pod"</filepath>
  </SETPOD>
  <SETPOD name="C4R500CBL565-C4" uiname="CABLE_J2J3" fullname="SimPRO.RGCRobotCable">
    <filesize>"5.206(Kbyte)"</filesize>
    <filepath>"C:\Users\40744\Adrian Oncioiu\Desktop\Master\Diseertatie\ROBOGUIDE\VIET_2025_DISERTATIE_v3\RG3DPlayer\VIET_2025_DISERTATIE_v3_Rg_2025_07_12_t_16_47_49\cad\C4R500CBL565-C4.pod"</filepath>
  </SETPOD>
  <SETPOD name="C4R500CBL565-C28" uiname="CABLE_J2J3" fullname="SimPRO.RGCRobotCable">
    <filesize>"7.340(Kbyte)"</filesize>
    <filepath>"C:\Users\40744\Adrian Oncioiu\Desktop\Master\Diseertatie\ROBOGUIDE\VIET_2025_DISERTATIE_v3\RG3DPlayer\VIET_2025_DISERTATIE_v3_Rg_2025_07_12_t_16_47_49\cad\C4R500CBL565-C28.pod"</filepath>
  </SETPOD>
  <SETPOD name="C4R500CBL565-C19" uiname="CABLE_J2J3" fullname="SimPRO.RGCRobotCable">
    <filesize>"5.206(Kbyte)"</filesize>
    <filepath>"C:\Users\40744\Adrian Oncioiu\Desktop\Master\Diseertatie\ROBOGUIDE\VIET_2025_DISERTATIE_v3\RG3DPlayer\VIET_2025_DISERTATIE_v3_Rg_2025_07_12_t_16_47_49\cad\C4R500CBL565-C19.pod"</filepath>
  </SETPOD>
  <SETPOD name="C4R500CBL564-C4" uiname="CABLE_J1J2" fullname="SimPRO.RGCRobotCable">
    <filesize>"5.206(Kbyte)"</filesize>
    <filepath>"C:\Users\40744\Adrian Oncioiu\Desktop\Master\Diseertatie\ROBOGUIDE\VIET_2025_DISERTATIE_v3\RG3DPlayer\VIET_2025_DISERTATIE_v3_Rg_2025_07_12_t_16_47_49\cad\C4R500CBL564-C4.pod"</filepath>
  </SETPOD>
  <SETPOD name="C2R173U191" uiname="UFrame7" fullname="SimPRO.RGCUserFrame">
    <filesize>"4.296(Kbyte)"</filesize>
    <filepath>"C:\Users\40744\Adrian Oncioiu\Desktop\Master\Diseertatie\ROBOGUIDE\VIET_2025_DISERTATIE_v3\RG3DPlayer\VIET_2025_DISERTATIE_v3_Rg_2025_07_12_t_16_47_49\cad\C2R173U191.pod"</filepath>
  </SETPOD>
  <SETPOD name="O265" uiname="FENCE_EXP_H2000_W10003111111" fullname="SimPRO.RGCObstacle">
    <filesize>"645.498(Kbyte)"</filesize>
    <filepath>"C:\Users\40744\Adrian Oncioiu\Desktop\Master\Diseertatie\ROBOGUIDE\VIET_2025_DISERTATIE_v3\RG3DPlayer\VIET_2025_DISERTATIE_v3_Rg_2025_07_12_t_16_47_49\cad\O1932.pod"</filepath>
  </SETPOD>
  <SETPOD name="O262" uiname="FENCE_EXP_H2000_W1000311111" fullname="SimPRO.RGCObstacle">
    <filesize>"645.498(Kbyte)"</filesize>
    <filepath>"C:\Users\40744\Adrian Oncioiu\Desktop\Master\Diseertatie\ROBOGUIDE\VIET_2025_DISERTATIE_v3\RG3DPlayer\VIET_2025_DISERTATIE_v3_Rg_2025_07_12_t_16_47_49\cad\O1932.pod"</filepath>
  </SETPOD>
  <SETPOD name="O1940" uiname="EMG box1" fullname="SimPRO.RGCObstacle">
    <filesize>"107.648(Kbyte)"</filesize>
    <filepath>"C:\Users\40744\Adrian Oncioiu\Desktop\Master\Diseertatie\ROBOGUIDE\VIET_2025_DISERTATIE_v3\RG3DPlayer\VIET_2025_DISERTATIE_v3_Rg_2025_07_12_t_16_47_49\cad\O1939.pod"</filepath>
  </SETPOD>
  <SETPOD name="FX1064P1347" uiname="Part1[2,5(1)]" fullname="SimPRO.RGCAttachedPart">
    <filesize>"4.854(Kbyte)"</filesize>
    <filepath>"C:\Users\40744\Adrian Oncioiu\Desktop\Master\Diseertatie\ROBOGUIDE\VIET_2025_DISERTATIE_v3\RG3DPlayer\VIET_2025_DISERTATIE_v3_Rg_2025_07_12_t_16_47_49\cad\FX1064P1347.pod"</filepath>
  </SETPOD>
  <SETPOD name="FX1064P1301" uiname="Part1[2,1]" fullname="SimPRO.RGCAttachedPart">
    <filesize>"4.854(Kbyte)"</filesize>
    <filepath>"C:\Users\40744\Adrian Oncioiu\Desktop\Master\Diseertatie\ROBOGUIDE\VIET_2025_DISERTATIE_v3\RG3DPlayer\VIET_2025_DISERTATIE_v3_Rg_2025_07_12_t_16_47_49\cad\FX1064P1301.pod"</filepath>
  </SETPOD>
  <SETPOD name="FX1063P1268" uiname="Part1[1,2(1)]" fullname="SimPRO.RGCAttachedPart">
    <filesize>"4.854(Kbyte)"</filesize>
    <filepath>"C:\Users\40744\Adrian Oncioiu\Desktop\Master\Diseertatie\ROBOGUIDE\VIET_2025_DISERTATIE_v3\RG3DPlayer\VIET_2025_DISERTATIE_v3_Rg_2025_07_12_t_16_47_49\cad\FX1063P1268.pod"</filepath>
  </SETPOD>
  <SETPOD name="D3348D3572P3675" uiname="Part1" fullname="SimPRO.RGCAttachedPart">
    <filesize>"4.854(Kbyte)"</filesize>
    <filepath>"C:\Users\40744\Adrian Oncioiu\Desktop\Master\Diseertatie\ROBOGUIDE\VIET_2025_DISERTATIE_v3\RG3DPlayer\VIET_2025_DISERTATIE_v3_Rg_2025_07_12_t_16_47_49\cad\D3348D3572P3675.pod"</filepath>
  </SETPOD>
  <SETPOD name="D1817D1818E1818" uiname="Link1" fullname="SimPRO.RGCMachineLink">
    <filesize>"4.296(Kbyte)"</filesize>
    <filepath>"C:\Users\40744\Adrian Oncioiu\Desktop\Master\Diseertatie\ROBOGUIDE\VIET_2025_DISERTATIE_v3\RG3DPlayer\VIET_2025_DISERTATIE_v3_Rg_2025_07_12_t_16_47_49\cad\D1817D1818E1818.pod"</filepath>
  </SETPOD>
  <SETPOD name="C4R500WorldZero" uiname="GP: 1 - R-2000iC/125L" fullname="SimPRO.RGCRobotGroup">
    <filesize>"4.296(Kbyte)"</filesize>
    <filepath>"C:\Users\40744\Adrian Oncioiu\Desktop\Master\Diseertatie\ROBOGUIDE\VIET_2025_DISERTATIE_v3\RG3DPlayer\VIET_2025_DISERTATIE_v3_Rg_2025_07_12_t_16_47_49\cad\C4R500WorldZero.pod"</filepath>
  </SETPOD>
  <SETPOD name="C4R500U520" uiname="UFrame9" fullname="SimPRO.RGCUserFrame">
    <filesize>"4.296(Kbyte)"</filesize>
    <filepath>"C:\Users\40744\Adrian Oncioiu\Desktop\Master\Diseertatie\ROBOGUIDE\VIET_2025_DISERTATIE_v3\RG3DPlayer\VIET_2025_DISERTATIE_v3_Rg_2025_07_12_t_16_47_49\cad\C4R500U520.pod"</filepath>
  </SETPOD>
  <SETPOD name="C4R500CBL565-C7" uiname="CABLE_J2J3" fullname="SimPRO.RGCRobotCable">
    <filesize>"5.206(Kbyte)"</filesize>
    <filepath>"C:\Users\40744\Adrian Oncioiu\Desktop\Master\Diseertatie\ROBOGUIDE\VIET_2025_DISERTATIE_v3\RG3DPlayer\VIET_2025_DISERTATIE_v3_Rg_2025_07_12_t_16_47_49\cad\C4R500CBL565-C7.pod"</filepath>
  </SETPOD>
  <SETPOD name="C4R500CBL565-C17" uiname="CABLE_J2J3" fullname="SimPRO.RGCRobotCable">
    <filesize>"5.206(Kbyte)"</filesize>
    <filepath>"C:\Users\40744\Adrian Oncioiu\Desktop\Master\Diseertatie\ROBOGUIDE\VIET_2025_DISERTATIE_v3\RG3DPlayer\VIET_2025_DISERTATIE_v3_Rg_2025_07_12_t_16_47_49\cad\C4R500CBL565-C17.pod"</filepath>
  </SETPOD>
  <SETPOD name="C4R500CBL564-C12" uiname="CABLE_J1J2" fullname="SimPRO.RGCRobotCable">
    <filesize>"5.206(Kbyte)"</filesize>
    <filepath>"C:\Users\40744\Adrian Oncioiu\Desktop\Master\Diseertatie\ROBOGUIDE\VIET_2025_DISERTATIE_v3\RG3DPlayer\VIET_2025_DISERTATIE_v3_Rg_2025_07_12_t_16_47_49\cad\C4R500CBL564-C12.pod"</filepath>
  </SETPOD>
  <SETPOD name="C4R500CBL564-B" uiname="CABLE_J1J2" fullname="SimPRO.RGCRobotCable">
    <filesize>"4.296(Kbyte)"</filesize>
    <filepath>"C:\Users\40744\Adrian Oncioiu\Desktop\Master\Diseertatie\ROBOGUIDE\VIET_2025_DISERTATIE_v3\RG3DPlayer\VIET_2025_DISERTATIE_v3_Rg_2025_07_12_t_16_47_49\cad\C4R500CBL564-B.pod"</filepath>
  </SETPOD>
  <SETPOD name="C2R173U186" uiname="CONVEYOR" fullname="SimPRO.RGCUserFrame">
    <filesize>"4.296(Kbyte)"</filesize>
    <filepath>"C:\Users\40744\Adrian Oncioiu\Desktop\Master\Diseertatie\ROBOGUIDE\VIET_2025_DISERTATIE_v3\RG3DPlayer\VIET_2025_DISERTATIE_v3_Rg_2025_07_12_t_16_47_49\cad\C2R173U186.pod"</filepath>
  </SETPOD>
  <SETPOD name="C4R500_rb_J2" uiname="GP: 1 - R-2000iC/125L" fullname="SimPRO.RGCRobotGroup">
    <filesize>"70.010(Kbyte)"</filesize>
    <filepath>"C:\Users\40744\Adrian Oncioiu\Desktop\Master\Diseertatie\ROBOGUIDE\VIET_2025_DISERTATIE_v3\RG3DPlayer\VIET_2025_DISERTATIE_v3_Rg_2025_07_12_t_16_47_49\cad\C4R500_rb_J2.pod"</filepath>
  </SETPOD>
  <SETPOD name="O256" uiname="FENCE_EXP_H2000_W500" fullname="SimPRO.RGCObstacle">
    <filesize>"331.513(Kbyte)"</filesize>
    <filepath>"C:\Users\40744\Adrian Oncioiu\Desktop\Master\Diseertatie\ROBOGUIDE\VIET_2025_DISERTATIE_v3\RG3DPlayer\VIET_2025_DISERTATIE_v3_Rg_2025_07_12_t_16_47_49\cad\O256.pod"</filepath>
  </SETPOD>
  <SETPOD name="O255" uiname="FENCE_EXP_H2000_W1000" fullname="SimPRO.RGCObstacle">
    <filesize>"645.498(Kbyte)"</filesize>
    <filepath>"C:\Users\40744\Adrian Oncioiu\Desktop\Master\Diseertatie\ROBOGUIDE\VIET_2025_DISERTATIE_v3\RG3DPlayer\VIET_2025_DISERTATIE_v3_Rg_2025_07_12_t_16_47_49\cad\O1932.pod"</filepath>
  </SETPOD>
  <SETPOD name="O1932" uiname="FENCE_EXP_H2000_W1000212" fullname="SimPRO.RGCObstacle">
    <filesize>"645.498(Kbyte)"</filesize>
    <filepath>"C:\Users\40744\Adrian Oncioiu\Desktop\Master\Diseertatie\ROBOGUIDE\VIET_2025_DISERTATIE_v3\RG3DPlayer\VIET_2025_DISERTATIE_v3_Rg_2025_07_12_t_16_47_49\cad\O1932.pod"</filepath>
  </SETPOD>
  <SETPOD name="FX1064P1342" uiname="Part1[1,5(1)]" fullname="SimPRO.RGCAttachedPart">
    <filesize>"4.854(Kbyte)"</filesize>
    <filepath>"C:\Users\40744\Adrian Oncioiu\Desktop\Master\Diseertatie\ROBOGUIDE\VIET_2025_DISERTATIE_v3\RG3DPlayer\VIET_2025_DISERTATIE_v3_Rg_2025_07_12_t_16_47_49\cad\FX1064P1342.pod"</filepath>
  </SETPOD>
  <SETPOD name="FX1063P1279" uiname="Part1[3,3(1)]" fullname="SimPRO.RGCAttachedPart">
    <filesize>"4.854(Kbyte)"</filesize>
    <filepath>"C:\Users\40744\Adrian Oncioiu\Desktop\Master\Diseertatie\ROBOGUIDE\VIET_2025_DISERTATIE_v3\RG3DPlayer\VIET_2025_DISERTATIE_v3_Rg_2025_07_12_t_16_47_49\cad\FX1063P1279.pod"</filepath>
  </SETPOD>
  <SETPOD name="C4R500CBL565-C9" uiname="CABLE_J2J3" fullname="SimPRO.RGCRobotCable">
    <filesize>"5.206(Kbyte)"</filesize>
    <filepath>"C:\Users\40744\Adrian Oncioiu\Desktop\Master\Diseertatie\ROBOGUIDE\VIET_2025_DISERTATIE_v3\RG3DPlayer\VIET_2025_DISERTATIE_v3_Rg_2025_07_12_t_16_47_49\cad\C4R500CBL565-C9.pod"</filepath>
  </SETPOD>
  <SETPOD name="C4R500CBL565-C22" uiname="CABLE_J2J3" fullname="SimPRO.RGCRobotCable">
    <filesize>"5.206(Kbyte)"</filesize>
    <filepath>"C:\Users\40744\Adrian Oncioiu\Desktop\Master\Diseertatie\ROBOGUIDE\VIET_2025_DISERTATIE_v3\RG3DPlayer\VIET_2025_DISERTATIE_v3_Rg_2025_07_12_t_16_47_49\cad\C4R500CBL565-C22.pod"</filepath>
  </SETPOD>
  <SETPOD name="C4R500CBL565-C13" uiname="CABLE_J2J3" fullname="SimPRO.RGCRobotCable">
    <filesize>"5.206(Kbyte)"</filesize>
    <filepath>"C:\Users\40744\Adrian Oncioiu\Desktop\Master\Diseertatie\ROBOGUIDE\VIET_2025_DISERTATIE_v3\RG3DPlayer\VIET_2025_DISERTATIE_v3_Rg_2025_07_12_t_16_47_49\cad\C4R500CBL565-C13.pod"</filepath>
  </SETPOD>
  <SETPOD name="C4R500CBL564-C6" uiname="CABLE_J1J2" fullname="SimPRO.RGCRobotCable">
    <filesize>"5.206(Kbyte)"</filesize>
    <filepath>"C:\Users\40744\Adrian Oncioiu\Desktop\Master\Diseertatie\ROBOGUIDE\VIET_2025_DISERTATIE_v3\RG3DPlayer\VIET_2025_DISERTATIE_v3_Rg_2025_07_12_t_16_47_49\cad\C4R500CBL564-C6.pod"</filepath>
  </SETPOD>
  <SETPOD name="C4R500CBL564-C16" uiname="CABLE_J1J2" fullname="SimPRO.RGCRobotCable">
    <filesize>"5.206(Kbyte)"</filesize>
    <filepath>"C:\Users\40744\Adrian Oncioiu\Desktop\Master\Diseertatie\ROBOGUIDE\VIET_2025_DISERTATIE_v3\RG3DPlayer\VIET_2025_DISERTATIE_v3_Rg_2025_07_12_t_16_47_49\cad\C4R500CBL564-C16.pod"</filepath>
  </SETPOD>
  <SETPOD name="C4R500G503V2" uiname="vaccum_grip_new" fullname="SimPRO.RGCEOAT">
    <filesize>"4.296(Kbyte)"</filesize>
    <filepath>"C:\Users\40744\Adrian Oncioiu\Desktop\Master\Diseertatie\ROBOGUIDE\VIET_2025_DISERTATIE_v3\RG3DPlayer\VIET_2025_DISERTATIE_v3_Rg_2025_07_12_t_16_47_49\cad\C4R500G503V2.pod"</filepath>
  </SETPOD>
  <SETPOD name="C4R500_rb_J1" uiname="GP: 1 - R-2000iC/125L" fullname="SimPRO.RGCRobotGroup">
    <filesize>"119.798(Kbyte)"</filesize>
    <filepath>"C:\Users\40744\Adrian Oncioiu\Desktop\Master\Diseertatie\ROBOGUIDE\VIET_2025_DISERTATIE_v3\RG3DPlayer\VIET_2025_DISERTATIE_v3_Rg_2025_07_12_t_16_47_49\cad\C4R500_rb_J1.pod"</filepath>
  </SETPOD>
  <SETPOD name="C2R173_rb_J9" uiname="GP: 1 - M-410iC/185" fullname="SimPRO.RGCRobotGroup">
    <filesize>"33.551(Kbyte)"</filesize>
    <filepath>"C:\Users\40744\Adrian Oncioiu\Desktop\Master\Diseertatie\ROBOGUIDE\VIET_2025_DISERTATIE_v3\RG3DPlayer\VIET_2025_DISERTATIE_v3_Rg_2025_07_12_t_16_47_49\cad\C2R173_rb_J9.pod"</filepath>
  </SETPOD>
  <SETPOD name="C2R173_rb_J8" uiname="GP: 1 - M-410iC/185" fullname="SimPRO.RGCRobotGroup">
    <filesize>"31.951(Kbyte)"</filesize>
    <filepath>"C:\Users\40744\Adrian Oncioiu\Desktop\Master\Diseertatie\ROBOGUIDE\VIET_2025_DISERTATIE_v3\RG3DPlayer\VIET_2025_DISERTATIE_v3_Rg_2025_07_12_t_16_47_49\cad\C2R173_rb_J8.pod"</filepath>
  </SETPOD>
  <SETPOD name="O266" uiname="FENCE_EXP_H2000_W100031111111" fullname="SimPRO.RGCObstacle">
    <filesize>"645.498(Kbyte)"</filesize>
    <filepath>"C:\Users\40744\Adrian Oncioiu\Desktop\Master\Diseertatie\ROBOGUIDE\VIET_2025_DISERTATIE_v3\RG3DPlayer\VIET_2025_DISERTATIE_v3_Rg_2025_07_12_t_16_47_49\cad\O1932.pod"</filepath>
  </SETPOD>
  <SETPOD name="O252" uiname="FENCE_EXP_H2000_W10002111" fullname="SimPRO.RGCObstacle">
    <filesize>"645.498(Kbyte)"</filesize>
    <filepath>"C:\Users\40744\Adrian Oncioiu\Desktop\Master\Diseertatie\ROBOGUIDE\VIET_2025_DISERTATIE_v3\RG3DPlayer\VIET_2025_DISERTATIE_v3_Rg_2025_07_12_t_16_47_49\cad\O1932.pod"</filepath>
  </SETPOD>
  <SETPOD name="O1930" uiname="R-30iB_Mate1" fullname="SimPRO.RGCObstacle">
    <filesize>"700.152(Kbyte)"</filesize>
    <filepath>"C:\Users\40744\Adrian Oncioiu\Desktop\Master\Diseertatie\ROBOGUIDE\VIET_2025_DISERTATIE_v3\RG3DPlayer\VIET_2025_DISERTATIE_v3_Rg_2025_07_12_t_16_47_49\cad\O1929.pod"</filepath>
  </SETPOD>
  <SETPOD name="FX1064P1349" uiname="Part1[3,2(1)]" fullname="SimPRO.RGCAttachedPart">
    <filesize>"4.854(Kbyte)"</filesize>
    <filepath>"C:\Users\40744\Adrian Oncioiu\Desktop\Master\Diseertatie\ROBOGUIDE\VIET_2025_DISERTATIE_v3\RG3DPlayer\VIET_2025_DISERTATIE_v3_Rg_2025_07_12_t_16_47_49\cad\FX1064P1349.pod"</filepath>
  </SETPOD>
  <SETPOD name="FX1064P1343" uiname="Part1[2,1(1)]" fullname="SimPRO.RGCAttachedPart">
    <filesize>"4.854(Kbyte)"</filesize>
    <filepath>"C:\Users\40744\Adrian Oncioiu\Desktop\Master\Diseertatie\ROBOGUIDE\VIET_2025_DISERTATIE_v3\RG3DPlayer\VIET_2025_DISERTATIE_v3_Rg_2025_07_12_t_16_47_49\cad\FX1064P1343.pod"</filepath>
  </SETPOD>
  <SETPOD name="FX1064P1309" uiname="Part1[3,4]" fullname="SimPRO.RGCAttachedPart">
    <filesize>"4.854(Kbyte)"</filesize>
    <filepath>"C:\Users\40744\Adrian Oncioiu\Desktop\Master\Diseertatie\ROBOGUIDE\VIET_2025_DISERTATIE_v3\RG3DPlayer\VIET_2025_DISERTATIE_v3_Rg_2025_07_12_t_16_47_49\cad\FX1064P1309.pod"</filepath>
  </SETPOD>
  <SETPOD name="FX1063P1277" uiname="Part1[3,1(1)]" fullname="SimPRO.RGCAttachedPart">
    <filesize>"4.854(Kbyte)"</filesize>
    <filepath>"C:\Users\40744\Adrian Oncioiu\Desktop\Master\Diseertatie\ROBOGUIDE\VIET_2025_DISERTATIE_v3\RG3DPlayer\VIET_2025_DISERTATIE_v3_Rg_2025_07_12_t_16_47_49\cad\FX1063P1277.pod"</filepath>
  </SETPOD>
  <SETPOD name="FX1063P1250" uiname="Part1[3,2]" fullname="SimPRO.RGCAttachedPart">
    <filesize>"4.854(Kbyte)"</filesize>
    <filepath>"C:\Users\40744\Adrian Oncioiu\Desktop\Master\Diseertatie\ROBOGUIDE\VIET_2025_DISERTATIE_v3\RG3DPlayer\VIET_2025_DISERTATIE_v3_Rg_2025_07_12_t_16_47_49\cad\FX1063P1250.pod"</filepath>
  </SETPOD>
  <SETPOD name="C4R500CBL564-C9" uiname="CABLE_J1J2" fullname="SimPRO.RGCRobotCable">
    <filesize>"5.206(Kbyte)"</filesize>
    <filepath>"C:\Users\40744\Adrian Oncioiu\Desktop\Master\Diseertatie\ROBOGUIDE\VIET_2025_DISERTATIE_v3\RG3DPlayer\VIET_2025_DISERTATIE_v3_Rg_2025_07_12_t_16_47_49\cad\C4R500CBL564-C9.pod"</filepath>
  </SETPOD>
  <SETPOD name="C2R173U192" uiname="UFrame8" fullname="SimPRO.RGCUserFrame">
    <filesize>"4.296(Kbyte)"</filesize>
    <filepath>"C:\Users\40744\Adrian Oncioiu\Desktop\Master\Diseertatie\ROBOGUIDE\VIET_2025_DISERTATIE_v3\RG3DPlayer\VIET_2025_DISERTATIE_v3_Rg_2025_07_12_t_16_47_49\cad\C2R173U192.pod"</filepath>
  </SETPOD>
  <SETPOD name="C4R500_rb_J5" uiname="GP: 1 - R-2000iC/125L" fullname="SimPRO.RGCRobotGroup">
    <filesize>"69.594(Kbyte)"</filesize>
    <filepath>"C:\Users\40744\Adrian Oncioiu\Desktop\Master\Diseertatie\ROBOGUIDE\VIET_2025_DISERTATIE_v3\RG3DPlayer\VIET_2025_DISERTATIE_v3_Rg_2025_07_12_t_16_47_49\cad\C4R500_rb_J5.pod"</filepath>
  </SETPOD>
  <SETPOD name="C2R173_rb_J7" uiname="GP: 1 - M-410iC/185" fullname="SimPRO.RGCRobotGroup">
    <filesize>"21.544(Kbyte)"</filesize>
    <filepath>"C:\Users\40744\Adrian Oncioiu\Desktop\Master\Diseertatie\ROBOGUIDE\VIET_2025_DISERTATIE_v3\RG3DPlayer\VIET_2025_DISERTATIE_v3_Rg_2025_07_12_t_16_47_49\cad\C2R173_rb_J7.pod"</filepath>
  </SETPOD>
  <SETPOD name="C2R173_rb_J2" uiname="GP: 1 - M-410iC/185" fullname="SimPRO.RGCRobotGroup">
    <filesize>"54.992(Kbyte)"</filesize>
    <filepath>"C:\Users\40744\Adrian Oncioiu\Desktop\Master\Diseertatie\ROBOGUIDE\VIET_2025_DISERTATIE_v3\RG3DPlayer\VIET_2025_DISERTATIE_v3_Rg_2025_07_12_t_16_47_49\cad\C2R173_rb_J2.pod"</filepath>
  </SETPOD>
  <SETPOD name="O249" uiname="FENCE_EXP_H2000_W10002" fullname="SimPRO.RGCObstacle">
    <filesize>"645.498(Kbyte)"</filesize>
    <filepath>"C:\Users\40744\Adrian Oncioiu\Desktop\Master\Diseertatie\ROBOGUIDE\VIET_2025_DISERTATIE_v3\RG3DPlayer\VIET_2025_DISERTATIE_v3_Rg_2025_07_12_t_16_47_49\cad\O1932.pod"</filepath>
  </SETPOD>
  <SETPOD name="FX267" uiname="System_Controller_L" fullname="SimPRO.RGCFixture">
    <filesize>"329.979(Kbyte)"</filesize>
    <filepath>"C:\Users\40744\Adrian Oncioiu\Desktop\Master\Diseertatie\ROBOGUIDE\VIET_2025_DISERTATIE_v3\RG3DPlayer\VIET_2025_DISERTATIE_v3_Rg_2025_07_12_t_16_47_49\cad\FX267.pod"</filepath>
  </SETPOD>
  <SETPOD name="FX2020P2023" uiname="Part1" fullname="SimPRO.RGCAttachedPart">
    <filesize>"4.854(Kbyte)"</filesize>
    <filepath>"C:\Users\40744\Adrian Oncioiu\Desktop\Master\Diseertatie\ROBOGUIDE\VIET_2025_DISERTATIE_v3\RG3DPlayer\VIET_2025_DISERTATIE_v3_Rg_2025_07_12_t_16_47_49\cad\FX2020P2023.pod"</filepath>
  </SETPOD>
  <SETPOD name="FX1064P1297" uiname="Part1[1,2]" fullname="SimPRO.RGCAttachedPart">
    <filesize>"4.854(Kbyte)"</filesize>
    <filepath>"C:\Users\40744\Adrian Oncioiu\Desktop\Master\Diseertatie\ROBOGUIDE\VIET_2025_DISERTATIE_v3\RG3DPlayer\VIET_2025_DISERTATIE_v3_Rg_2025_07_12_t_16_47_49\cad\FX1064P1297.pod"</filepath>
  </SETPOD>
  <SETPOD name="D3348D3572E3572" uiname="Link1" fullname="SimPRO.RGCMachineLink">
    <filesize>"4.296(Kbyte)"</filesize>
    <filepath>"C:\Users\40744\Adrian Oncioiu\Desktop\Master\Diseertatie\ROBOGUIDE\VIET_2025_DISERTATIE_v3\RG3DPlayer\VIET_2025_DISERTATIE_v3_Rg_2025_07_12_t_16_47_49\cad\D3348D3572E3572.pod"</filepath>
  </SETPOD>
  <SETPOD name="D3348D3572" uiname="Link1" fullname="SimPRO.RGCMachineLink">
    <filesize>"4.296(Kbyte)"</filesize>
    <filepath>"C:\Users\40744\Adrian Oncioiu\Desktop\Master\Diseertatie\ROBOGUIDE\VIET_2025_DISERTATIE_v3\RG3DPlayer\VIET_2025_DISERTATIE_v3_Rg_2025_07_12_t_16_47_49\cad\D3348D3572.pod"</filepath>
  </SETPOD>
  <SETPOD name="C4R500CBL565-C26" uiname="CABLE_J2J3" fullname="SimPRO.RGCRobotCable">
    <filesize>"5.206(Kbyte)"</filesize>
    <filepath>"C:\Users\40744\Adrian Oncioiu\Desktop\Master\Diseertatie\ROBOGUIDE\VIET_2025_DISERTATIE_v3\RG3DPlayer\VIET_2025_DISERTATIE_v3_Rg_2025_07_12_t_16_47_49\cad\C4R500CBL565-C26.pod"</filepath>
  </SETPOD>
  <SETPOD name="C4R500CBL565-C2" uiname="CABLE_J2J3" fullname="SimPRO.RGCRobotCable">
    <filesize>"5.206(Kbyte)"</filesize>
    <filepath>"C:\Users\40744\Adrian Oncioiu\Desktop\Master\Diseertatie\ROBOGUIDE\VIET_2025_DISERTATIE_v3\RG3DPlayer\VIET_2025_DISERTATIE_v3_Rg_2025_07_12_t_16_47_49\cad\C4R500CBL565-C2.pod"</filepath>
  </SETPOD>
  <SETPOD name="C4R500CBL564-C5" uiname="CABLE_J1J2" fullname="SimPRO.RGCRobotCable">
    <filesize>"5.206(Kbyte)"</filesize>
    <filepath>"C:\Users\40744\Adrian Oncioiu\Desktop\Master\Diseertatie\ROBOGUIDE\VIET_2025_DISERTATIE_v3\RG3DPlayer\VIET_2025_DISERTATIE_v3_Rg_2025_07_12_t_16_47_49\cad\C4R500CBL564-C5.pod"</filepath>
  </SETPOD>
  <SETPOD name="C4R500CBL564-C13" uiname="CABLE_J1J2" fullname="SimPRO.RGCRobotCable">
    <filesize>"5.206(Kbyte)"</filesize>
    <filepath>"C:\Users\40744\Adrian Oncioiu\Desktop\Master\Diseertatie\ROBOGUIDE\VIET_2025_DISERTATIE_v3\RG3DPlayer\VIET_2025_DISERTATIE_v3_Rg_2025_07_12_t_16_47_49\cad\C4R500CBL564-C13.pod"</filepath>
  </SETPOD>
  <SETPOD name="C4R500CBL564-C1" uiname="CABLE_J1J2" fullname="SimPRO.RGCRobotCable">
    <filesize>"7.340(Kbyte)"</filesize>
    <filepath>"C:\Users\40744\Adrian Oncioiu\Desktop\Master\Diseertatie\ROBOGUIDE\VIET_2025_DISERTATIE_v3\RG3DPlayer\VIET_2025_DISERTATIE_v3_Rg_2025_07_12_t_16_47_49\cad\C4R500CBL564-C1.pod"</filepath>
  </SETPOD>
  <SETPOD name="C2R173U188" uiname="UFrame4" fullname="SimPRO.RGCUserFrame">
    <filesize>"4.296(Kbyte)"</filesize>
    <filepath>"C:\Users\40744\Adrian Oncioiu\Desktop\Master\Diseertatie\ROBOGUIDE\VIET_2025_DISERTATIE_v3\RG3DPlayer\VIET_2025_DISERTATIE_v3_Rg_2025_07_12_t_16_47_49\cad\C2R173U188.pod"</filepath>
  </SETPOD>
  <SETPOD name="C2R173G177V1" uiname="Vaccum_grip_new" fullname="SimPRO.RGCEOAT">
    <filesize>"4.296(Kbyte)"</filesize>
    <filepath>"C:\Users\40744\Adrian Oncioiu\Desktop\Master\Diseertatie\ROBOGUIDE\VIET_2025_DISERTATIE_v3\RG3DPlayer\VIET_2025_DISERTATIE_v3_Rg_2025_07_12_t_16_47_49\cad\C2R173G177V1.pod"</filepath>
  </SETPOD>
  <SETPOD name="C4R500_rb_J0" uiname="GP: 1 - R-2000iC/125L" fullname="SimPRO.RGCRobotGroup">
    <filesize>"132.820(Kbyte)"</filesize>
    <filepath>"C:\Users\40744\Adrian Oncioiu\Desktop\Master\Diseertatie\ROBOGUIDE\VIET_2025_DISERTATIE_v3\RG3DPlayer\VIET_2025_DISERTATIE_v3_Rg_2025_07_12_t_16_47_49\cad\C4R500_rb_J0.pod"</filepath>
  </SETPOD>
  <SETPOD name="C2R173_rb_J6" uiname="GP: 1 - M-410iC/185" fullname="SimPRO.RGCRobotGroup">
    <filesize>"36.558(Kbyte)"</filesize>
    <filepath>"C:\Users\40744\Adrian Oncioiu\Desktop\Master\Diseertatie\ROBOGUIDE\VIET_2025_DISERTATIE_v3\RG3DPlayer\VIET_2025_DISERTATIE_v3_Rg_2025_07_12_t_16_47_49\cad\C2R173_rb_J6.pod"</filepath>
  </SETPOD>
  <SETPOD name="O257" uiname="FENCE_EXP_H2000_W10003" fullname="SimPRO.RGCObstacle">
    <filesize>"645.498(Kbyte)"</filesize>
    <filepath>"C:\Users\40744\Adrian Oncioiu\Desktop\Master\Diseertatie\ROBOGUIDE\VIET_2025_DISERTATIE_v3\RG3DPlayer\VIET_2025_DISERTATIE_v3_Rg_2025_07_12_t_16_47_49\cad\O1932.pod"</filepath>
  </SETPOD>
  <SETPOD name="O1931" uiname="FANUC Man" fullname="SimPRO.RGCObstacle">
    <filesize>"141.994(Kbyte)"</filesize>
    <filepath>"C:\Users\40744\Adrian Oncioiu\Desktop\Master\Diseertatie\ROBOGUIDE\VIET_2025_DISERTATIE_v3\RG3DPlayer\VIET_2025_DISERTATIE_v3_Rg_2025_07_12_t_16_47_49\cad\O1931.pod"</filepath>
  </SETPOD>
  <SETPOD name="FX1064P1351" uiname="Part1[3,4(1)]" fullname="SimPRO.RGCAttachedPart">
    <filesize>"4.854(Kbyte)"</filesize>
    <filepath>"C:\Users\40744\Adrian Oncioiu\Desktop\Master\Diseertatie\ROBOGUIDE\VIET_2025_DISERTATIE_v3\RG3DPlayer\VIET_2025_DISERTATIE_v3_Rg_2025_07_12_t_16_47_49\cad\FX1064P1351.pod"</filepath>
  </SETPOD>
  <SETPOD name="FX1064P1300" uiname="Part1[1,5]" fullname="SimPRO.RGCAttachedPart">
    <filesize>"4.854(Kbyte)"</filesize>
    <filepath>"C:\Users\40744\Adrian Oncioiu\Desktop\Master\Diseertatie\ROBOGUIDE\VIET_2025_DISERTATIE_v3\RG3DPlayer\VIET_2025_DISERTATIE_v3_Rg_2025_07_12_t_16_47_49\cad\FX1064P1300.pod"</filepath>
  </SETPOD>
  <SETPOD name="FX1063P1280" uiname="Part1[3,4(1)]" fullname="SimPRO.RGCAttachedPart">
    <filesize>"4.854(Kbyte)"</filesize>
    <filepath>"C:\Users\40744\Adrian Oncioiu\Desktop\Master\Diseertatie\ROBOGUIDE\VIET_2025_DISERTATIE_v3\RG3DPlayer\VIET_2025_DISERTATIE_v3_Rg_2025_07_12_t_16_47_49\cad\FX1063P1280.pod"</filepath>
  </SETPOD>
  <SETPOD name="D3348" uiname="entry_convy" fullname="SimPRO.RGCMachine">
    <filesize>"4.448(Mbyte)"</filesize>
    <filepath>"C:\Users\40744\Adrian Oncioiu\Desktop\Master\Diseertatie\ROBOGUIDE\VIET_2025_DISERTATIE_v3\RG3DPlayer\VIET_2025_DISERTATIE_v3_Rg_2025_07_12_t_16_47_49\cad\D3348.pod"</filepath>
  </SETPOD>
  <SETPOD name="D1817D1818E1818CURPOS0" uiname="Link1" fullname="SimPRO.RGCMachineLink">
    <filesize>"4.296(Kbyte)"</filesize>
    <filepath>"C:\Users\40744\Adrian Oncioiu\Desktop\Master\Diseertatie\ROBOGUIDE\VIET_2025_DISERTATIE_v3\RG3DPlayer\VIET_2025_DISERTATIE_v3_Rg_2025_07_12_t_16_47_49\cad\D1817D1818E1818CURPOS0.pod"</filepath>
  </SETPOD>
  <SETPOD name="C4R500x2000000013" uiname="GP: 1 - R-2000iC/125L" fullname="SimPRO.RGCRobotGroup">
    <filesize>"4.854(Kbyte)"</filesize>
    <filepath>"C:\Users\40744\Adrian Oncioiu\Desktop\Master\Diseertatie\ROBOGUIDE\VIET_2025_DISERTATIE_v3\RG3DPlayer\VIET_2025_DISERTATIE_v3_Rg_2025_07_12_t_16_47_49\cad\C4R500x2000000013.pod"</filepath>
  </SETPOD>
  <SETPOD name="C4R500G503P1838" uiname="Part1" fullname="SimPRO.RGCAttachedPart">
    <filesize>"4.854(Kbyte)"</filesize>
    <filepath>"C:\Users\40744\Adrian Oncioiu\Desktop\Master\Diseertatie\ROBOGUIDE\VIET_2025_DISERTATIE_v3\RG3DPlayer\VIET_2025_DISERTATIE_v3_Rg_2025_07_12_t_16_47_49\cad\C4R500G503P1838.pod"</filepath>
  </SETPOD>
  <SETPOD name="C4R500CBL564-C3" uiname="CABLE_J1J2" fullname="SimPRO.RGCRobotCable">
    <filesize>"5.206(Kbyte)"</filesize>
    <filepath>"C:\Users\40744\Adrian Oncioiu\Desktop\Master\Diseertatie\ROBOGUIDE\VIET_2025_DISERTATIE_v3\RG3DPlayer\VIET_2025_DISERTATIE_v3_Rg_2025_07_12_t_16_47_49\cad\C4R500CBL564-C3.pod"</filepath>
  </SETPOD>
  <SETPOD name="C4R500CBL564-C20" uiname="CABLE_J1J2" fullname="SimPRO.RGCRobotCable">
    <filesize>"7.340(Kbyte)"</filesize>
    <filepath>"C:\Users\40744\Adrian Oncioiu\Desktop\Master\Diseertatie\ROBOGUIDE\VIET_2025_DISERTATIE_v3\RG3DPlayer\VIET_2025_DISERTATIE_v3_Rg_2025_07_12_t_16_47_49\cad\C4R500CBL564-C20.pod"</filepath>
  </SETPOD>
  <SETPOD name="C4R500CBL564-C19" uiname="CABLE_J1J2" fullname="SimPRO.RGCRobotCable">
    <filesize>"5.206(Kbyte)"</filesize>
    <filepath>"C:\Users\40744\Adrian Oncioiu\Desktop\Master\Diseertatie\ROBOGUIDE\VIET_2025_DISERTATIE_v3\RG3DPlayer\VIET_2025_DISERTATIE_v3_Rg_2025_07_12_t_16_47_49\cad\C4R500CBL564-C19.pod"</filepath>
  </SETPOD>
  <SETPOD name="C2R173_rb_J0" uiname="GP: 1 - M-410iC/185" fullname="SimPRO.RGCRobotGroup">
    <filesize>"98.205(Kbyte)"</filesize>
    <filepath>"C:\Users\40744\Adrian Oncioiu\Desktop\Master\Diseertatie\ROBOGUIDE\VIET_2025_DISERTATIE_v3\RG3DPlayer\VIET_2025_DISERTATIE_v3_Rg_2025_07_12_t_16_47_49\cad\C2R173_rb_J0.pod"</filepath>
  </SETPOD>
  <SETPOD name="O261" uiname="FENCE_EXP_H2000_W100031111" fullname="SimPRO.RGCObstacle">
    <filesize>"645.498(Kbyte)"</filesize>
    <filepath>"C:\Users\40744\Adrian Oncioiu\Desktop\Master\Diseertatie\ROBOGUIDE\VIET_2025_DISERTATIE_v3\RG3DPlayer\VIET_2025_DISERTATIE_v3_Rg_2025_07_12_t_16_47_49\cad\O1932.pod"</filepath>
  </SETPOD>
  <SETPOD name="O250" uiname="FENCE_EXP_H2000_W100021" fullname="SimPRO.RGCObstacle">
    <filesize>"645.498(Kbyte)"</filesize>
    <filepath>"C:\Users\40744\Adrian Oncioiu\Desktop\Master\Diseertatie\ROBOGUIDE\VIET_2025_DISERTATIE_v3\RG3DPlayer\VIET_2025_DISERTATIE_v3_Rg_2025_07_12_t_16_47_49\cad\O1932.pod"</filepath>
  </SETPOD>
  <SETPOD name="O2022" uiname="FENCE_EXP_H2000_W10004" fullname="SimPRO.RGCObstacle">
    <filesize>"645.498(Kbyte)"</filesize>
    <filepath>"C:\Users\40744\Adrian Oncioiu\Desktop\Master\Diseertatie\ROBOGUIDE\VIET_2025_DISERTATIE_v3\RG3DPlayer\VIET_2025_DISERTATIE_v3_Rg_2025_07_12_t_16_47_49\cad\O1932.pod"</filepath>
  </SETPOD>
  <SETPOD name="O1936" uiname="7200031501" fullname="SimPRO.RGCObstacle">
    <filesize>"282.285(Kbyte)"</filesize>
    <filepath>"C:\Users\40744\Adrian Oncioiu\Desktop\Master\Diseertatie\ROBOGUIDE\VIET_2025_DISERTATIE_v3\RG3DPlayer\VIET_2025_DISERTATIE_v3_Rg_2025_07_12_t_16_47_49\cad\O1935.pod"</filepath>
  </SETPOD>
  <SETPOD name="FX1064P1340" uiname="Part1[1,3(1)]" fullname="SimPRO.RGCAttachedPart">
    <filesize>"4.854(Kbyte)"</filesize>
    <filepath>"C:\Users\40744\Adrian Oncioiu\Desktop\Master\Diseertatie\ROBOGUIDE\VIET_2025_DISERTATIE_v3\RG3DPlayer\VIET_2025_DISERTATIE_v3_Rg_2025_07_12_t_16_47_49\cad\FX1064P1340.pod"</filepath>
  </SETPOD>
  <SETPOD name="C4R500U516" uiname="UFrame5" fullname="SimPRO.RGCUserFrame">
    <filesize>"4.296(Kbyte)"</filesize>
    <filepath>"C:\Users\40744\Adrian Oncioiu\Desktop\Master\Diseertatie\ROBOGUIDE\VIET_2025_DISERTATIE_v3\RG3DPlayer\VIET_2025_DISERTATIE_v3_Rg_2025_07_12_t_16_47_49\cad\C4R500U516.pod"</filepath>
  </SETPOD>
  <SETPOD name="C4R500CBL565-C11" uiname="CABLE_J2J3" fullname="SimPRO.RGCRobotCable">
    <filesize>"5.206(Kbyte)"</filesize>
    <filepath>"C:\Users\40744\Adrian Oncioiu\Desktop\Master\Diseertatie\ROBOGUIDE\VIET_2025_DISERTATIE_v3\RG3DPlayer\VIET_2025_DISERTATIE_v3_Rg_2025_07_12_t_16_47_49\cad\C4R500CBL565-C11.pod"</filepath>
  </SETPOD>
  <SETPOD name="C4R500CBL564-C18" uiname="CABLE_J1J2" fullname="SimPRO.RGCRobotCable">
    <filesize>"5.206(Kbyte)"</filesize>
    <filepath>"C:\Users\40744\Adrian Oncioiu\Desktop\Master\Diseertatie\ROBOGUIDE\VIET_2025_DISERTATIE_v3\RG3DPlayer\VIET_2025_DISERTATIE_v3_Rg_2025_07_12_t_16_47_49\cad\C4R500CBL564-C18.pod"</filepath>
  </SETPOD>
  <SETPOD name="C2R173U187" uiname="UFrame3" fullname="SimPRO.RGCUserFrame">
    <filesize>"4.296(Kbyte)"</filesize>
    <filepath>"C:\Users\40744\Adrian Oncioiu\Desktop\Master\Diseertatie\ROBOGUIDE\VIET_2025_DISERTATIE_v3\RG3DPlayer\VIET_2025_DISERTATIE_v3_Rg_2025_07_12_t_16_47_49\cad\C2R173U187.pod"</filepath>
  </SETPOD>
  <SETPOD name="FX1064P1303" uiname="Part1[2,3]" fullname="SimPRO.RGCAttachedPart">
    <filesize>"4.854(Kbyte)"</filesize>
    <filepath>"C:\Users\40744\Adrian Oncioiu\Desktop\Master\Diseertatie\ROBOGUIDE\VIET_2025_DISERTATIE_v3\RG3DPlayer\VIET_2025_DISERTATIE_v3_Rg_2025_07_12_t_16_47_49\cad\FX1064P1303.pod"</filepath>
  </SETPOD>
  <SETPOD name="FX1063P1281" uiname="Part1[3,5(1)]" fullname="SimPRO.RGCAttachedPart">
    <filesize>"4.854(Kbyte)"</filesize>
    <filepath>"C:\Users\40744\Adrian Oncioiu\Desktop\Master\Diseertatie\ROBOGUIDE\VIET_2025_DISERTATIE_v3\RG3DPlayer\VIET_2025_DISERTATIE_v3_Rg_2025_07_12_t_16_47_49\cad\FX1063P1281.pod"</filepath>
  </SETPOD>
  <SETPOD name="FX1063P1278" uiname="Part1[3,2(1)]" fullname="SimPRO.RGCAttachedPart">
    <filesize>"4.854(Kbyte)"</filesize>
    <filepath>"C:\Users\40744\Adrian Oncioiu\Desktop\Master\Diseertatie\ROBOGUIDE\VIET_2025_DISERTATIE_v3\RG3DPlayer\VIET_2025_DISERTATIE_v3_Rg_2025_07_12_t_16_47_49\cad\FX1063P1278.pod"</filepath>
  </SETPOD>
  <SETPOD name="FX1063P1252" uiname="Part1[3,4]" fullname="SimPRO.RGCAttachedPart">
    <filesize>"4.854(Kbyte)"</filesize>
    <filepath>"C:\Users\40744\Adrian Oncioiu\Desktop\Master\Diseertatie\ROBOGUIDE\VIET_2025_DISERTATIE_v3\RG3DPlayer\VIET_2025_DISERTATIE_v3_Rg_2025_07_12_t_16_47_49\cad\FX1063P1252.pod"</filepath>
  </SETPOD>
  <SETPOD name="FX1063P1247" uiname="Part1[2,4]" fullname="SimPRO.RGCAttachedPart">
    <filesize>"4.854(Kbyte)"</filesize>
    <filepath>"C:\Users\40744\Adrian Oncioiu\Desktop\Master\Diseertatie\ROBOGUIDE\VIET_2025_DISERTATIE_v3\RG3DPlayer\VIET_2025_DISERTATIE_v3_Rg_2025_07_12_t_16_47_49\cad\FX1063P1247.pod"</filepath>
  </SETPOD>
  <SETPOD name="D1817" uiname="Machine2" fullname="SimPRO.RGCMachine">
    <filesize>"4.296(Kbyte)"</filesize>
    <filepath>"C:\Users\40744\Adrian Oncioiu\Desktop\Master\Diseertatie\ROBOGUIDE\VIET_2025_DISERTATIE_v3\RG3DPlayer\VIET_2025_DISERTATIE_v3_Rg_2025_07_12_t_16_47_49\cad\D1817.pod"</filepath>
  </SETPOD>
  <SETPOD name="C4R500U514" uiname="CONVEYOR" fullname="SimPRO.RGCUserFrame">
    <filesize>"4.296(Kbyte)"</filesize>
    <filepath>"C:\Users\40744\Adrian Oncioiu\Desktop\Master\Diseertatie\ROBOGUIDE\VIET_2025_DISERTATIE_v3\RG3DPlayer\VIET_2025_DISERTATIE_v3_Rg_2025_07_12_t_16_47_49\cad\C4R500U514.pod"</filepath>
  </SETPOD>
  <SETPOD name="C4R500CBL565-C21" uiname="CABLE_J2J3" fullname="SimPRO.RGCRobotCable">
    <filesize>"5.206(Kbyte)"</filesize>
    <filepath>"C:\Users\40744\Adrian Oncioiu\Desktop\Master\Diseertatie\ROBOGUIDE\VIET_2025_DISERTATIE_v3\RG3DPlayer\VIET_2025_DISERTATIE_v3_Rg_2025_07_12_t_16_47_49\cad\C4R500CBL565-C21.pod"</filepath>
  </SETPOD>
  <SETPOD name="C2R173U193" uiname="UFrame9" fullname="SimPRO.RGCUserFrame">
    <filesize>"4.296(Kbyte)"</filesize>
    <filepath>"C:\Users\40744\Adrian Oncioiu\Desktop\Master\Diseertatie\ROBOGUIDE\VIET_2025_DISERTATIE_v3\RG3DPlayer\VIET_2025_DISERTATIE_v3_Rg_2025_07_12_t_16_47_49\cad\C2R173U193.pod"</filepath>
  </SETPOD>
  <SETPOD name="C2R173KinematicsZero" uiname="GP: 1 - M-410iC/185" fullname="SimPRO.RGCRobotGroup">
    <filesize>"4.296(Kbyte)"</filesize>
    <filepath>"C:\Users\40744\Adrian Oncioiu\Desktop\Master\Diseertatie\ROBOGUIDE\VIET_2025_DISERTATIE_v3\RG3DPlayer\VIET_2025_DISERTATIE_v3_Rg_2025_07_12_t_16_47_49\cad\C2R173KinematicsZero.pod"</filepath>
  </SETPOD>
  <SETPOD name="O1933" uiname="FENCE_EXP_H2000_W10002121" fullname="SimPRO.RGCObstacle">
    <filesize>"645.498(Kbyte)"</filesize>
    <filepath>"C:\Users\40744\Adrian Oncioiu\Desktop\Master\Diseertatie\ROBOGUIDE\VIET_2025_DISERTATIE_v3\RG3DPlayer\VIET_2025_DISERTATIE_v3_Rg_2025_07_12_t_16_47_49\cad\O1932.pod"</filepath>
  </SETPOD>
  <SETPOD name="FX1064P1310" uiname="Part1[3,5]" fullname="SimPRO.RGCAttachedPart">
    <filesize>"4.854(Kbyte)"</filesize>
    <filepath>"C:\Users\40744\Adrian Oncioiu\Desktop\Master\Diseertatie\ROBOGUIDE\VIET_2025_DISERTATIE_v3\RG3DPlayer\VIET_2025_DISERTATIE_v3_Rg_2025_07_12_t_16_47_49\cad\FX1064P1310.pod"</filepath>
  </SETPOD>
  <SETPOD name="FX1064P1304" uiname="Part1[2,4]" fullname="SimPRO.RGCAttachedPart">
    <filesize>"4.854(Kbyte)"</filesize>
    <filepath>"C:\Users\40744\Adrian Oncioiu\Desktop\Master\Diseertatie\ROBOGUIDE\VIET_2025_DISERTATIE_v3\RG3DPlayer\VIET_2025_DISERTATIE_v3_Rg_2025_07_12_t_16_47_49\cad\FX1064P1304.pod"</filepath>
  </SETPOD>
  <SETPOD name="FX1063P1275" uiname="Part1[2,4(1)]" fullname="SimPRO.RGCAttachedPart">
    <filesize>"4.854(Kbyte)"</filesize>
    <filepath>"C:\Users\40744\Adrian Oncioiu\Desktop\Master\Diseertatie\ROBOGUIDE\VIET_2025_DISERTATIE_v3\RG3DPlayer\VIET_2025_DISERTATIE_v3_Rg_2025_07_12_t_16_47_49\cad\FX1063P1275.pod"</filepath>
  </SETPOD>
  <SETPOD name="FX1063P1251" uiname="Part1[3,3]" fullname="SimPRO.RGCAttachedPart">
    <filesize>"4.854(Kbyte)"</filesize>
    <filepath>"C:\Users\40744\Adrian Oncioiu\Desktop\Master\Diseertatie\ROBOGUIDE\VIET_2025_DISERTATIE_v3\RG3DPlayer\VIET_2025_DISERTATIE_v3_Rg_2025_07_12_t_16_47_49\cad\FX1063P1251.pod"</filepath>
  </SETPOD>
  <SETPOD name="D1447D1810E1810CURPOS0" uiname="Link2" fullname="SimPRO.RGCMachineLink">
    <filesize>"4.296(Kbyte)"</filesize>
    <filepath>"C:\Users\40744\Adrian Oncioiu\Desktop\Master\Diseertatie\ROBOGUIDE\VIET_2025_DISERTATIE_v3\RG3DPlayer\VIET_2025_DISERTATIE_v3_Rg_2025_07_12_t_16_47_49\cad\D1447D1810E1810CURPOS0.pod"</filepath>
  </SETPOD>
  <SETPOD name="C4R500CBL565-C15" uiname="CABLE_J2J3" fullname="SimPRO.RGCRobotCable">
    <filesize>"5.206(Kbyte)"</filesize>
    <filepath>"C:\Users\40744\Adrian Oncioiu\Desktop\Master\Diseertatie\ROBOGUIDE\VIET_2025_DISERTATIE_v3\RG3DPlayer\VIET_2025_DISERTATIE_v3_Rg_2025_07_12_t_16_47_49\cad\C4R500CBL565-C15.pod"</filepath>
  </SETPOD>
  <SETPOD name="C4R500CBL565-B" uiname="CABLE_J2J3" fullname="SimPRO.RGCRobotCable">
    <filesize>"4.296(Kbyte)"</filesize>
    <filepath>"C:\Users\40744\Adrian Oncioiu\Desktop\Master\Diseertatie\ROBOGUIDE\VIET_2025_DISERTATIE_v3\RG3DPlayer\VIET_2025_DISERTATIE_v3_Rg_2025_07_12_t_16_47_49\cad\C4R500CBL565-B.pod"</filepath>
  </SETPOD>
  <SETPOD name="C2R173WorldZero" uiname="GP: 1 - M-410iC/185" fullname="SimPRO.RGCRobotGroup">
    <filesize>"4.296(Kbyte)"</filesize>
    <filepath>"C:\Users\40744\Adrian Oncioiu\Desktop\Master\Diseertatie\ROBOGUIDE\VIET_2025_DISERTATIE_v3\RG3DPlayer\VIET_2025_DISERTATIE_v3_Rg_2025_07_12_t_16_47_49\cad\C2R173WorldZero.pod"</filepath>
  </SETPOD>
  <SETPOD name="C4R500_rb_J6" uiname="GP: 1 - R-2000iC/125L" fullname="SimPRO.RGCRobotGroup">
    <filesize>"51.493(Kbyte)"</filesize>
    <filepath>"C:\Users\40744\Adrian Oncioiu\Desktop\Master\Diseertatie\ROBOGUIDE\VIET_2025_DISERTATIE_v3\RG3DPlayer\VIET_2025_DISERTATIE_v3_Rg_2025_07_12_t_16_47_49\cad\C4R500_rb_J6.pod"</filepath>
  </SETPOD>
  <SETPOD name="O258" uiname="FENCE_EXP_H2000_W100031" fullname="SimPRO.RGCObstacle">
    <filesize>"645.498(Kbyte)"</filesize>
    <filepath>"C:\Users\40744\Adrian Oncioiu\Desktop\Master\Diseertatie\ROBOGUIDE\VIET_2025_DISERTATIE_v3\RG3DPlayer\VIET_2025_DISERTATIE_v3_Rg_2025_07_12_t_16_47_49\cad\O1932.pod"</filepath>
  </SETPOD>
  <SETPOD name="O247" uiname="FENCE_EXP_H2000_W100011" fullname="SimPRO.RGCObstacle">
    <filesize>"645.498(Kbyte)"</filesize>
    <filepath>"C:\Users\40744\Adrian Oncioiu\Desktop\Master\Diseertatie\ROBOGUIDE\VIET_2025_DISERTATIE_v3\RG3DPlayer\VIET_2025_DISERTATIE_v3_Rg_2025_07_12_t_16_47_49\cad\O1932.pod"</filepath>
  </SETPOD>
  <SETPOD name="O245" uiname="FENCE_EXP_H2000_W1000" fullname="SimPRO.RGCObstacle">
    <filesize>"645.498(Kbyte)"</filesize>
    <filepath>"C:\Users\40744\Adrian Oncioiu\Desktop\Master\Diseertatie\ROBOGUIDE\VIET_2025_DISERTATIE_v3\RG3DPlayer\VIET_2025_DISERTATIE_v3_Rg_2025_07_12_t_16_47_49\cad\O1932.pod"</filepath>
  </SETPOD>
  <SETPOD name="O1935" uiname="720003150" fullname="SimPRO.RGCObstacle">
    <filesize>"282.285(Kbyte)"</filesize>
    <filepath>"C:\Users\40744\Adrian Oncioiu\Desktop\Master\Diseertatie\ROBOGUIDE\VIET_2025_DISERTATIE_v3\RG3DPlayer\VIET_2025_DISERTATIE_v3_Rg_2025_07_12_t_16_47_49\cad\O1935.pod"</filepath>
  </SETPOD>
  <SETPOD name="FX1064P1344" uiname="Part1[2,2(1)]" fullname="SimPRO.RGCAttachedPart">
    <filesize>"4.854(Kbyte)"</filesize>
    <filepath>"C:\Users\40744\Adrian Oncioiu\Desktop\Master\Diseertatie\ROBOGUIDE\VIET_2025_DISERTATIE_v3\RG3DPlayer\VIET_2025_DISERTATIE_v3_Rg_2025_07_12_t_16_47_49\cad\FX1064P1344.pod"</filepath>
  </SETPOD>
  <SETPOD name="FX1064P1339" uiname="Part1[1,2(1)]" fullname="SimPRO.RGCAttachedPart">
    <filesize>"4.854(Kbyte)"</filesize>
    <filepath>"C:\Users\40744\Adrian Oncioiu\Desktop\Master\Diseertatie\ROBOGUIDE\VIET_2025_DISERTATIE_v3\RG3DPlayer\VIET_2025_DISERTATIE_v3_Rg_2025_07_12_t_16_47_49\cad\FX1064P1339.pod"</filepath>
  </SETPOD>
  <SETPOD name="FX1063P1276" uiname="Part1[2,5(1)]" fullname="SimPRO.RGCAttachedPart">
    <filesize>"4.854(Kbyte)"</filesize>
    <filepath>"C:\Users\40744\Adrian Oncioiu\Desktop\Master\Diseertatie\ROBOGUIDE\VIET_2025_DISERTATIE_v3\RG3DPlayer\VIET_2025_DISERTATIE_v3_Rg_2025_07_12_t_16_47_49\cad\FX1063P1276.pod"</filepath>
  </SETPOD>
  <SETPOD name="FX1063P1245" uiname="Part1[2,2]" fullname="SimPRO.RGCAttachedPart">
    <filesize>"4.854(Kbyte)"</filesize>
    <filepath>"C:\Users\40744\Adrian Oncioiu\Desktop\Master\Diseertatie\ROBOGUIDE\VIET_2025_DISERTATIE_v3\RG3DPlayer\VIET_2025_DISERTATIE_v3_Rg_2025_07_12_t_16_47_49\cad\FX1063P1245.pod"</filepath>
  </SETPOD>
  <SETPOD name="FX1063P1242" uiname="Part1[1,4]" fullname="SimPRO.RGCAttachedPart">
    <filesize>"4.854(Kbyte)"</filesize>
    <filepath>"C:\Users\40744\Adrian Oncioiu\Desktop\Master\Diseertatie\ROBOGUIDE\VIET_2025_DISERTATIE_v3\RG3DPlayer\VIET_2025_DISERTATIE_v3_Rg_2025_07_12_t_16_47_49\cad\FX1063P1242.pod"</filepath>
  </SETPOD>
  <SETPOD name="FX1063P1240" uiname="Part1[1,2]" fullname="SimPRO.RGCAttachedPart">
    <filesize>"4.854(Kbyte)"</filesize>
    <filepath>"C:\Users\40744\Adrian Oncioiu\Desktop\Master\Diseertatie\ROBOGUIDE\VIET_2025_DISERTATIE_v3\RG3DPlayer\VIET_2025_DISERTATIE_v3_Rg_2025_07_12_t_16_47_49\cad\FX1063P1240.pod"</filepath>
  </SETPOD>
  <SETPOD name="D1817D1818" uiname="Link1" fullname="SimPRO.RGCMachineLink">
    <filesize>"4.855(Mbyte)"</filesize>
    <filepath>"C:\Users\40744\Adrian Oncioiu\Desktop\Master\Diseertatie\ROBOGUIDE\VIET_2025_DISERTATIE_v3\RG3DPlayer\VIET_2025_DISERTATIE_v3_Rg_2025_07_12_t_16_47_49\cad\D1817D1818.pod"</filepath>
  </SETPOD>
  <SETPOD name="D1447" uiname="Machine1" fullname="SimPRO.RGCMachine">
    <filesize>"4.296(Kbyte)"</filesize>
    <filepath>"C:\Users\40744\Adrian Oncioiu\Desktop\Master\Diseertatie\ROBOGUIDE\VIET_2025_DISERTATIE_v3\RG3DPlayer\VIET_2025_DISERTATIE_v3_Rg_2025_07_12_t_16_47_49\cad\D1447.pod"</filepath>
  </SETPOD>
  <SETPOD name="C4R500U517" uiname="UFrame6" fullname="SimPRO.RGCUserFrame">
    <filesize>"4.296(Kbyte)"</filesize>
    <filepath>"C:\Users\40744\Adrian Oncioiu\Desktop\Master\Diseertatie\ROBOGUIDE\VIET_2025_DISERTATIE_v3\RG3DPlayer\VIET_2025_DISERTATIE_v3_Rg_2025_07_12_t_16_47_49\cad\C4R500U517.pod"</filepath>
  </SETPOD>
  <SETPOD name="C4R500CBL565-C20" uiname="CABLE_J2J3" fullname="SimPRO.RGCRobotCable">
    <filesize>"5.206(Kbyte)"</filesize>
    <filepath>"C:\Users\40744\Adrian Oncioiu\Desktop\Master\Diseertatie\ROBOGUIDE\VIET_2025_DISERTATIE_v3\RG3DPlayer\VIET_2025_DISERTATIE_v3_Rg_2025_07_12_t_16_47_49\cad\C4R500CBL565-C20.pod"</filepath>
  </SETPOD>
  <SETPOD name="C4R500CBL565-C10" uiname="CABLE_J2J3" fullname="SimPRO.RGCRobotCable">
    <filesize>"5.206(Kbyte)"</filesize>
    <filepath>"C:\Users\40744\Adrian Oncioiu\Desktop\Master\Diseertatie\ROBOGUIDE\VIET_2025_DISERTATIE_v3\RG3DPlayer\VIET_2025_DISERTATIE_v3_Rg_2025_07_12_t_16_47_49\cad\C4R500CBL565-C10.pod"</filepath>
  </SETPOD>
  <SETPOD name="C4R500CBL564-C2" uiname="CABLE_J1J2" fullname="SimPRO.RGCRobotCable">
    <filesize>"5.206(Kbyte)"</filesize>
    <filepath>"C:\Users\40744\Adrian Oncioiu\Desktop\Master\Diseertatie\ROBOGUIDE\VIET_2025_DISERTATIE_v3\RG3DPlayer\VIET_2025_DISERTATIE_v3_Rg_2025_07_12_t_16_47_49\cad\C4R500CBL564-C2.pod"</filepath>
  </SETPOD>
  <SETPOD name="C4R500CBL564-C14" uiname="CABLE_J1J2" fullname="SimPRO.RGCRobotCable">
    <filesize>"5.206(Kbyte)"</filesize>
    <filepath>"C:\Users\40744\Adrian Oncioiu\Desktop\Master\Diseertatie\ROBOGUIDE\VIET_2025_DISERTATIE_v3\RG3DPlayer\VIET_2025_DISERTATIE_v3_Rg_2025_07_12_t_16_47_49\cad\C4R500CBL564-C14.pod"</filepath>
  </SETPOD>
  <SETPOD name="C2R173x2000000007" uiname="GP: 1 - M-410iC/185" fullname="SimPRO.RGCRobotGroup">
    <filesize>"4.854(Kbyte)"</filesize>
    <filepath>"C:\Users\40744\Adrian Oncioiu\Desktop\Master\Diseertatie\ROBOGUIDE\VIET_2025_DISERTATIE_v3\RG3DPlayer\VIET_2025_DISERTATIE_v3_Rg_2025_07_12_t_16_47_49\cad\C2R173x2000000007.pod"</filepath>
  </SETPOD>
  <SETPOD name="C4R500G503V1" uiname="vaccum_grip_new" fullname="SimPRO.RGCEOAT">
    <filesize>"4.296(Kbyte)"</filesize>
    <filepath>"C:\Users\40744\Adrian Oncioiu\Desktop\Master\Diseertatie\ROBOGUIDE\VIET_2025_DISERTATIE_v3\RG3DPlayer\VIET_2025_DISERTATIE_v3_Rg_2025_07_12_t_16_47_49\cad\C4R500G503V1.pod"</filepath>
  </SETPOD>
  <SETPOD name="C4R500_rb_J8" uiname="GP: 1 - R-2000iC/125L" fullname="SimPRO.RGCRobotGroup">
    <filesize>"35.585(Kbyte)"</filesize>
    <filepath>"C:\Users\40744\Adrian Oncioiu\Desktop\Master\Diseertatie\ROBOGUIDE\VIET_2025_DISERTATIE_v3\RG3DPlayer\VIET_2025_DISERTATIE_v3_Rg_2025_07_12_t_16_47_49\cad\C4R500_rb_J8.pod"</filepath>
  </SETPOD>
</TPGL>