<TPGL>
<!-- Copyright @ 2025 FANUC America Corporation and FANUC LTD Japan ALL RIGHTS RESERVED -->
 <VIEW loc="991.987, 1780.565, 163.459, 3.295, 34.500, -35.701" />
 <SETATR id="/attr/Workcell2_floor" color="#00808080" opac="85" sel="1" style="#0000" vis="1" weight="1" />
 <SETATR id="/attr/Workcell2_grid" color="#00454545" opac="85" sel="1" style="#0000" vis="1" weight="2" />
 <SETATR id="/attr/C2R173" color="#ffc0c0c0" opac="100" sel="1" style="#0000" vis="1" weight="1" />
 <SETATR id="/attr/C2R173_rb_J0" color="#ffc0c0c0" opac="100" sel="1" style="#0000" vis="1" weight="1" />
 <SETATR id="/attr/C2R173_rb_J1" color="#ffc0c0c0" opac="100" sel="1" style="#0000" vis="1" weight="1" />
 <SETATR id="/attr/C2R173_rb_J2" color="#ffc0c0c0" opac="100" sel="1" style="#0000" vis="1" weight="1" />
 <SETATR id="/attr/C2R173_rb_J3" color="#ffc0c0c0" opac="100" sel="1" style="#0000" vis="1" weight="1" />
 <SETATR id="/attr/C2R173_rb_J4" color="#ffc0c0c0" opac="100" sel="1" style="#0000" vis="1" weight="1" />
 <SETATR id="/attr/C2R173_rb_J5" color="#ffc0c0c0" opac="100" sel="1" style="#0000" vis="1" weight="1" />
 <SETATR id="/attr/C2R173_rb_J6" color="#ffc0c0c0" opac="100" sel="1" style="#0000" vis="1" weight="1" />
 <SETATR id="/attr/C2R173_rb_J7" color="#ffc0c0c0" opac="100" sel="1" style="#0000" vis="1" weight="1" />
 <SETATR id="/attr/C2R173_rb_J8" color="#ffc0c0c0" opac="100" sel="1" style="#0000" vis="1" weight="1" />
 <SETATR id="/attr/C2R173_rb_J9" color="#ffc0c0c0" opac="100" sel="1" style="#0000" vis="1" weight="1" />
 <SETATR id="/attr/C2R173_rb_J10" color="#ffc0c0c0" opac="100" sel="1" style="#0000" vis="1" weight="1" />
 <SETATR id="/attr/C4R500" color="#ffc0c0c0" opac="100" sel="1" style="#0000" vis="1" weight="1" />
 <SETATR id="/attr/C4R500_rb_J0" color="#ffc0c0c0" opac="100" sel="1" style="#0000" vis="1" weight="1" />
 <SETATR id="/attr/C4R500_rb_J1" color="#ffc0c0c0" opac="100" sel="1" style="#0000" vis="1" weight="1" />
 <SETATR id="/attr/C4R500_rb_J2" color="#ffc0c0c0" opac="100" sel="1" style="#0000" vis="1" weight="1" />
 <SETATR id="/attr/C4R500_rb_J3" color="#ffc0c0c0" opac="100" sel="1" style="#0000" vis="1" weight="1" />
 <SETATR id="/attr/C4R500_rb_J4" color="#ffc0c0c0" opac="100" sel="1" style="#0000" vis="1" weight="1" />
 <SETATR id="/attr/C4R500_rb_J5" color="#ffc0c0c0" opac="100" sel="1" style="#0000" vis="1" weight="1" />
 <SETATR id="/attr/C4R500_rb_J6" color="#ffc0c0c0" opac="100" sel="1" style="#0000" vis="1" weight="1" />
 <SETATR id="/attr/C4R500_rb_J7" color="#ffc0c0c0" opac="100" sel="1" style="#0000" vis="1" weight="1" />
 <SETATR id="/attr/C4R500_rb_J8" color="#ffc0c0c0" opac="100" sel="1" style="#0000" vis="1" weight="1" />
 <SETATR id="/attr/C2R173G175P658" color="#ffc0c0c0" opac="100" sel="1" style="#0000" vis="0" weight="1" />
 <SETATR id="/attr/C2R173G177P1839" color="#ffc0c0c0" opac="100" sel="1" style="#0000" vis="1" weight="1" />
 <SETATR id="/attr/C2R173KinematicsZero" color="#ffc0c0c0" opac="100" sel="1" style="#0000" vis="1" weight="1" />
 <SETATR id="/attr/C2R173U173" color="#ffc0c0c0" opac="100" sel="1" style="#0000" vis="1" weight="1" />
 <SETATR id="/attr/C2R173U185" color="#ffc0c0c0" opac="100" sel="1" style="#0000" vis="1" weight="1" />
 <SETATR id="/attr/C2R173U186" color="#ffc0c0c0" opac="100" sel="1" style="#0000" vis="1" weight="1" />
 <SETATR id="/attr/C2R173U187" color="#ffc0c0c0" opac="100" sel="1" style="#0000" vis="1" weight="1" />
 <SETATR id="/attr/C2R173U188" color="#ffc0c0c0" opac="100" sel="1" style="#0000" vis="1" weight="1" />
 <SETATR id="/attr/C2R173U189" color="#ffc0c0c0" opac="100" sel="1" style="#0000" vis="1" weight="1" />
 <SETATR id="/attr/C2R173U190" color="#ffc0c0c0" opac="100" sel="1" style="#0000" vis="1" weight="1" />
 <SETATR id="/attr/C2R173U191" color="#ffc0c0c0" opac="100" sel="1" style="#0000" vis="1" weight="1" />
 <SETATR id="/attr/C2R173U192" color="#ffc0c0c0" opac="100" sel="1" style="#0000" vis="1" weight="1" />
 <SETATR id="/attr/C2R173U193" color="#ffc0c0c0" opac="100" sel="1" style="#0000" vis="1" weight="1" />
 <SETATR id="/attr/C2R173WorldZero" color="#ffc0c0c0" opac="100" sel="1" style="#0000" vis="1" weight="1" />
 <SETATR id="/attr/C2R173x2000000007" color="#ffc0c0c0" opac="100" sel="1" style="#0000" vis="1" weight="1" />
 <SETATR id="/attr/C4R500CBL" color="#ffc0c0c0" opac="100" sel="1" style="#0000" vis="1" weight="1" />
 <SETATR id="/attr/C4R500CBL564-B" color="#ffc0c0c0" opac="100" sel="1" style="#0000" vis="1" weight="1" />
 <SETATR id="/attr/C4R500CBL564-C1" color="#ffc0c0c0" opac="100" sel="1" style="#0000" vis="1" weight="1" />
 <SETATR id="/attr/C4R500CBL564-C10" color="#ffc0c0c0" opac="100" sel="1" style="#0000" vis="1" weight="1" />
 <SETATR id="/attr/C4R500CBL564-C11" color="#ffc0c0c0" opac="100" sel="1" style="#0000" vis="1" weight="1" />
 <SETATR id="/attr/C4R500CBL564-C12" color="#ffc0c0c0" opac="100" sel="1" style="#0000" vis="1" weight="1" />
 <SETATR id="/attr/C4R500CBL564-C13" color="#ffc0c0c0" opac="100" sel="1" style="#0000" vis="1" weight="1" />
 <SETATR id="/attr/C4R500CBL564-C14" color="#ffc0c0c0" opac="100" sel="1" style="#0000" vis="1" weight="1" />
 <SETATR id="/attr/C4R500CBL564-C15" color="#ffc0c0c0" opac="100" sel="1" style="#0000" vis="1" weight="1" />
 <SETATR id="/attr/C4R500CBL564-C16" color="#ffc0c0c0" opac="100" sel="1" style="#0000" vis="1" weight="1" />
 <SETATR id="/attr/C4R500CBL564-C17" color="#ffc0c0c0" opac="100" sel="1" style="#0000" vis="1" weight="1" />
 <SETATR id="/attr/C4R500CBL564-C18" color="#ffc0c0c0" opac="100" sel="1" style="#0000" vis="1" weight="1" />
 <SETATR id="/attr/C4R500CBL564-C19" color="#ffc0c0c0" opac="100" sel="1" style="#0000" vis="1" weight="1" />
 <SETATR id="/attr/C4R500CBL564-C2" color="#ffc0c0c0" opac="100" sel="1" style="#0000" vis="1" weight="1" />
 <SETATR id="/attr/C4R500CBL564-C20" color="#ffc0c0c0" opac="100" sel="1" style="#0000" vis="1" weight="1" />
 <SETATR id="/attr/C4R500CBL564-C3" color="#ffc0c0c0" opac="100" sel="1" style="#0000" vis="1" weight="1" />
 <SETATR id="/attr/C4R500CBL564-C4" color="#ffc0c0c0" opac="100" sel="1" style="#0000" vis="1" weight="1" />
 <SETATR id="/attr/C4R500CBL564-C5" color="#ffc0c0c0" opac="100" sel="1" style="#0000" vis="1" weight="1" />
 <SETATR id="/attr/C4R500CBL564-C6" color="#ffc0c0c0" opac="100" sel="1" style="#0000" vis="1" weight="1" />
 <SETATR id="/attr/C4R500CBL564-C7" color="#ffc0c0c0" opac="100" sel="1" style="#0000" vis="1" weight="1" />
 <SETATR id="/attr/C4R500CBL564-C8" color="#ffc0c0c0" opac="100" sel="1" style="#0000" vis="1" weight="1" />
 <SETATR id="/attr/C4R500CBL564-C9" color="#ffc0c0c0" opac="100" sel="1" style="#0000" vis="1" weight="1" />
 <SETATR id="/attr/C4R500CBL565-B" color="#ffc0c0c0" opac="100" sel="1" style="#0000" vis="1" weight="1" />
 <SETATR id="/attr/C4R500CBL565-C1" color="#ffc0c0c0" opac="100" sel="1" style="#0000" vis="1" weight="1" />
 <SETATR id="/attr/C4R500CBL565-C10" color="#ffc0c0c0" opac="100" sel="1" style="#0000" vis="1" weight="1" />
 <SETATR id="/attr/C4R500CBL565-C11" color="#ffc0c0c0" opac="100" sel="1" style="#0000" vis="1" weight="1" />
 <SETATR id="/attr/C4R500CBL565-C12" color="#ffc0c0c0" opac="100" sel="1" style="#0000" vis="1" weight="1" />
 <SETATR id="/attr/C4R500CBL565-C13" color="#ffc0c0c0" opac="100" sel="1" style="#0000" vis="1" weight="1" />
 <SETATR id="/attr/C4R500CBL565-C14" color="#ffc0c0c0" opac="100" sel="1" style="#0000" vis="1" weight="1" />
 <SETATR id="/attr/C4R500CBL565-C15" color="#ffc0c0c0" opac="100" sel="1" style="#0000" vis="1" weight="1" />
 <SETATR id="/attr/C4R500CBL565-C16" color="#ffc0c0c0" opac="100" sel="1" style="#0000" vis="1" weight="1" />
 <SETATR id="/attr/C4R500CBL565-C17" color="#ffc0c0c0" opac="100" sel="1" style="#0000" vis="1" weight="1" />
 <SETATR id="/attr/C4R500CBL565-C18" color="#ffc0c0c0" opac="100" sel="1" style="#0000" vis="1" weight="1" />
 <SETATR id="/attr/C4R500CBL565-C19" color="#ffc0c0c0" opac="100" sel="1" style="#0000" vis="1" weight="1" />
 <SETATR id="/attr/C4R500CBL565-C2" color="#ffc0c0c0" opac="100" sel="1" style="#0000" vis="1" weight="1" />
 <SETATR id="/attr/C4R500CBL565-C20" color="#ffc0c0c0" opac="100" sel="1" style="#0000" vis="1" weight="1" />
 <SETATR id="/attr/C4R500CBL565-C21" color="#ffc0c0c0" opac="100" sel="1" style="#0000" vis="1" weight="1" />
 <SETATR id="/attr/C4R500CBL565-C22" color="#ffc0c0c0" opac="100" sel="1" style="#0000" vis="1" weight="1" />
 <SETATR id="/attr/C4R500CBL565-C23" color="#ffc0c0c0" opac="100" sel="1" style="#0000" vis="1" weight="1" />
 <SETATR id="/attr/C4R500CBL565-C24" color="#ffc0c0c0" opac="100" sel="1" style="#0000" vis="1" weight="1" />
 <SETATR id="/attr/C4R500CBL565-C25" color="#ffc0c0c0" opac="100" sel="1" style="#0000" vis="1" weight="1" />
 <SETATR id="/attr/C4R500CBL565-C26" color="#ffc0c0c0" opac="100" sel="1" style="#0000" vis="1" weight="1" />
 <SETATR id="/attr/C4R500CBL565-C27" color="#ffc0c0c0" opac="100" sel="1" style="#0000" vis="1" weight="1" />
 <SETATR id="/attr/C4R500CBL565-C28" color="#ffc0c0c0" opac="100" sel="1" style="#0000" vis="1" weight="1" />
 <SETATR id="/attr/C4R500CBL565-C3" color="#ffc0c0c0" opac="100" sel="1" style="#0000" vis="1" weight="1" />
 <SETATR id="/attr/C4R500CBL565-C4" color="#ffc0c0c0" opac="100" sel="1" style="#0000" vis="1" weight="1" />
 <SETATR id="/attr/C4R500CBL565-C5" color="#ffc0c0c0" opac="100" sel="1" style="#0000" vis="1" weight="1" />
 <SETATR id="/attr/C4R500CBL565-C6" color="#ffc0c0c0" opac="100" sel="1" style="#0000" vis="1" weight="1" />
 <SETATR id="/attr/C4R500CBL565-C7" color="#ffc0c0c0" opac="100" sel="1" style="#0000" vis="1" weight="1" />
 <SETATR id="/attr/C4R500CBL565-C8" color="#ffc0c0c0" opac="100" sel="1" style="#0000" vis="1" weight="1" />
 <SETATR id="/attr/C4R500CBL565-C9" color="#ffc0c0c0" opac="100" sel="1" style="#0000" vis="1" weight="1" />
 <SETATR id="/attr/C4R500G501P574" color="#ffc0c0c0" opac="100" sel="1" style="#0000" vis="0" weight="1" />
 <SETATR id="/attr/C4R500G503P1838" color="#ffc0c0c0" opac="100" sel="1" style="#0000" vis="1" weight="1" />
 <SETATR id="/attr/C4R500KinematicsZero" color="#ffc0c0c0" opac="100" sel="1" style="#0000" vis="1" weight="1" />
 <SETATR id="/attr/C4R500U500" color="#ffc0c0c0" opac="100" sel="1" style="#0000" vis="1" weight="1" />
 <SETATR id="/attr/C4R500U512" color="#ffc0c0c0" opac="100" sel="1" style="#0000" vis="1" weight="1" />
 <SETATR id="/attr/C4R500U513" color="#ffc0c0c0" opac="100" sel="1" style="#0000" vis="1" weight="1" />
 <SETATR id="/attr/C4R500U514" color="#ffc0c0c0" opac="100" sel="1" style="#0000" vis="1" weight="1" />
 <SETATR id="/attr/C4R500U515" color="#ffc0c0c0" opac="100" sel="1" style="#0000" vis="1" weight="1" />
 <SETATR id="/attr/C4R500U516" color="#ffc0c0c0" opac="100" sel="1" style="#0000" vis="1" weight="1" />
 <SETATR id="/attr/C4R500U517" color="#ffc0c0c0" opac="100" sel="1" style="#0000" vis="1" weight="1" />
 <SETATR id="/attr/C4R500U518" color="#ffc0c0c0" opac="100" sel="1" style="#0000" vis="1" weight="1" />
 <SETATR id="/attr/C4R500U519" color="#ffc0c0c0" opac="100" sel="1" style="#0000" vis="1" weight="1" />
 <SETATR id="/attr/C4R500U520" color="#ffc0c0c0" opac="100" sel="1" style="#0000" vis="1" weight="1" />
 <SETATR id="/attr/C4R500WorldZero" color="#ffc0c0c0" opac="100" sel="1" style="#0000" vis="1" weight="1" />
 <SETATR id="/attr/C4R500x2000000013" color="#ffc0c0c0" opac="100" sel="1" style="#0000" vis="1" weight="1" />
 <SETATR id="/attr/D1447" color="#ffc0c0c0" opac="100" sel="1" style="#0000" vis="1" weight="1" />
 <SETATR id="/attr/D1447D1810" color="#ffc0c0c0" opac="100" sel="1" style="#0000" vis="1" weight="1" />
 <SETATR id="/attr/D1447D1810E1810" color="#ffc0c0c0" opac="100" sel="1" style="#0000" vis="1" weight="1" />
 <SETATR id="/attr/D1447D1810E1810CURPOS0" color="#ffc0c0c0" opac="100" sel="1" style="#0000" vis="1" weight="1" />
 <SETATR id="/attr/D1447D1810P2021" color="#ffc0c0c0" opac="100" sel="1" style="#0000" vis="1" weight="1" />
 <SETATR id="/attr/D171" color="#ffc0c0c0" opac="100" sel="1" style="#0000" vis="1" weight="1" />
 <SETATR id="/attr/D1804" color="#ffc0c0c0" opac="100" sel="1" style="#0000" vis="1" weight="1" />
 <SETATR id="/attr/D1817" color="#ffc0c0c0" opac="100" sel="1" style="#0000" vis="1" weight="1" />
 <SETATR id="/attr/D1817D1818" color="#ffc0c0c0" opac="100" sel="1" style="#0000" vis="1" weight="1" />
 <SETATR id="/attr/D1817D1818E1818" color="#ffc0c0c0" opac="100" sel="1" style="#0000" vis="1" weight="1" />
 <SETATR id="/attr/D1817D1818E1818CURPOS0" color="#ffc0c0c0" opac="100" sel="1" style="#0000" vis="1" weight="1" />
 <SETATR id="/attr/D234D235" color="#ffc0c0c0" opac="100" sel="1" style="#0000" vis="1" weight="1" />
 <SETATR id="/attr/D234D235E235" color="#ffc0c0c0" opac="100" sel="1" style="#0000" vis="1" weight="1" />
 <SETATR id="/attr/D234D235E235CURPOS0" color="#ffc0c0c0" opac="100" sel="1" style="#0000" vis="1" weight="1" />
 <SETATR id="/attr/D234D236" color="#ffc0c0c0" opac="100" sel="1" style="#0000" vis="1" weight="1" />
 <SETATR id="/attr/D234D236E236" color="#ffc0c0c0" opac="100" sel="1" style="#0000" vis="1" weight="1" />
 <SETATR id="/attr/D234D236E236CURPOS0" color="#ffc0c0c0" opac="100" sel="1" style="#0000" vis="1" weight="1" />
 <SETATR id="/attr/D234D237" color="#ffc0c0c0" opac="100" sel="1" style="#0000" vis="1" weight="1" />
 <SETATR id="/attr/D234D237E237" color="#ffc0c0c0" opac="100" sel="1" style="#0000" vis="1" weight="1" />
 <SETATR id="/attr/D234D237E237CURPOS0" color="#ffc0c0c0" opac="100" sel="1" style="#0000" vis="1" weight="1" />
 <SETATR id="/attr/D239D240" color="#ffc0c0c0" opac="100" sel="1" style="#0000" vis="1" weight="1" />
 <SETATR id="/attr/D239D240E240" color="#ffc0c0c0" opac="100" sel="1" style="#0000" vis="1" weight="1" />
 <SETATR id="/attr/D239D240E240CURPOS0" color="#ffc0c0c0" opac="100" sel="1" style="#0000" vis="1" weight="1" />
 <SETATR id="/attr/D3348" color="#ffc0c0c0" opac="100" sel="1" style="#0000" vis="1" weight="1" />
 <SETATR id="/attr/D3348D3572" color="#ffc0c0c0" opac="100" sel="1" style="#0000" vis="1" weight="1" />
 <SETATR id="/attr/D3348D3572E3572" color="#ffc0c0c0" opac="100" sel="1" style="#0000" vis="1" weight="1" />
 <SETATR id="/attr/D3348D3572E3572CURPOS0" color="#ffc0c0c0" opac="100" sel="1" style="#0000" vis="1" weight="1" />
 <SETATR id="/attr/D3348D3572P3675" color="#ffc0c0c0" opac="100" sel="1" style="#0000" vis="1" weight="1" />
 <SETATR id="/attr/D3783" color="#ffc0c0c0" opac="100" sel="1" style="#0000" vis="1" weight="1" />
 <SETATR id="/attr/D3783D4298" color="#ffc0c0c0" opac="100" sel="1" style="#0000" vis="1" weight="1" />
 <SETATR id="/attr/D3783D4298E4298" color="#ffc0c0c0" opac="100" sel="1" style="#0000" vis="1" weight="1" />
 <SETATR id="/attr/D3783D4298E4298CURPOS0" color="#ffc0c0c0" opac="100" sel="1" style="#0000" vis="1" weight="1" />
 <SETATR id="/attr/D3783D4298P4316" color="#ffc0c0c0" opac="100" sel="1" style="#0000" vis="1" weight="1" />
 <SETATR id="/attr/FX1063" color="#ffc0c0c0" opac="100" sel="1" style="#0000" vis="1" weight="1" />
 <SETATR id="/attr/FX1063P1137" color="#ffc0c0c0" opac="100" sel="1" style="#0000" vis="1" weight="1" />
 <SETATR id="/attr/FX1063P1155" color="#ffc0c0c0" opac="100" sel="1" style="#0000" vis="1" weight="1" />
 <SETATR id="/attr/FX1063P1240" color="#ffc0c0c0" opac="100" sel="1" style="#0000" vis="1" weight="1" />
 <SETATR id="/attr/FX1063P1241" color="#ffc0c0c0" opac="100" sel="1" style="#0000" vis="1" weight="1" />
 <SETATR id="/attr/FX1063P1242" color="#ffc0c0c0" opac="100" sel="1" style="#0000" vis="1" weight="1" />
 <SETATR id="/attr/FX1063P1243" color="#ffc0c0c0" opac="100" sel="1" style="#0000" vis="1" weight="1" />
 <SETATR id="/attr/FX1063P1244" color="#ffc0c0c0" opac="100" sel="1" style="#0000" vis="1" weight="1" />
 <SETATR id="/attr/FX1063P1245" color="#ffc0c0c0" opac="100" sel="1" style="#0000" vis="1" weight="1" />
 <SETATR id="/attr/FX1063P1246" color="#ffc0c0c0" opac="100" sel="1" style="#0000" vis="1" weight="1" />
 <SETATR id="/attr/FX1063P1247" color="#ffc0c0c0" opac="100" sel="1" style="#0000" vis="1" weight="1" />
 <SETATR id="/attr/FX1063P1248" color="#ffc0c0c0" opac="100" sel="1" style="#0000" vis="1" weight="1" />
 <SETATR id="/attr/FX1063P1249" color="#ffc0c0c0" opac="100" sel="1" style="#0000" vis="1" weight="1" />
 <SETATR id="/attr/FX1063P1250" color="#ffc0c0c0" opac="100" sel="1" style="#0000" vis="1" weight="1" />
 <SETATR id="/attr/FX1063P1251" color="#ffc0c0c0" opac="100" sel="1" style="#0000" vis="1" weight="1" />
 <SETATR id="/attr/FX1063P1252" color="#ffc0c0c0" opac="100" sel="1" style="#0000" vis="1" weight="1" />
 <SETATR id="/attr/FX1063P1253" color="#ffc0c0c0" opac="100" sel="1" style="#0000" vis="1" weight="1" />
 <SETATR id="/attr/FX1063P1268" color="#ffc0c0c0" opac="100" sel="1" style="#0000" vis="1" weight="1" />
 <SETATR id="/attr/FX1063P1269" color="#ffc0c0c0" opac="100" sel="1" style="#0000" vis="1" weight="1" />
 <SETATR id="/attr/FX1063P1270" color="#ffc0c0c0" opac="100" sel="1" style="#0000" vis="1" weight="1" />
 <SETATR id="/attr/FX1063P1271" color="#ffc0c0c0" opac="100" sel="1" style="#0000" vis="1" weight="1" />
 <SETATR id="/attr/FX1063P1272" color="#ffc0c0c0" opac="100" sel="1" style="#0000" vis="1" weight="1" />
 <SETATR id="/attr/FX1063P1273" color="#ffc0c0c0" opac="100" sel="1" style="#0000" vis="1" weight="1" />
 <SETATR id="/attr/FX1063P1274" color="#ffc0c0c0" opac="100" sel="1" style="#0000" vis="1" weight="1" />
 <SETATR id="/attr/FX1063P1275" color="#ffc0c0c0" opac="100" sel="1" style="#0000" vis="1" weight="1" />
 <SETATR id="/attr/FX1063P1276" color="#ffc0c0c0" opac="100" sel="1" style="#0000" vis="1" weight="1" />
 <SETATR id="/attr/FX1063P1277" color="#ffc0c0c0" opac="100" sel="1" style="#0000" vis="1" weight="1" />
 <SETATR id="/attr/FX1063P1278" color="#ffc0c0c0" opac="100" sel="1" style="#0000" vis="1" weight="1" />
 <SETATR id="/attr/FX1063P1279" color="#ffc0c0c0" opac="100" sel="1" style="#0000" vis="1" weight="1" />
 <SETATR id="/attr/FX1063P1280" color="#ffc0c0c0" opac="100" sel="1" style="#0000" vis="1" weight="1" />
 <SETATR id="/attr/FX1063P1281" color="#ffc0c0c0" opac="100" sel="1" style="#0000" vis="1" weight="1" />
 <SETATR id="/attr/FX1064" color="#ffc0c0c0" opac="100" sel="1" style="#0000" vis="1" weight="1" />
 <SETATR id="/attr/FX1064P1065" color="#ffc0c0c0" opac="100" sel="1" style="#0000" vis="1" weight="1" />
 <SETATR id="/attr/FX1064P1282" color="#ffc0c0c0" opac="100" sel="1" style="#0000" vis="1" weight="1" />
 <SETATR id="/attr/FX1064P1297" color="#ffc0c0c0" opac="100" sel="1" style="#0000" vis="1" weight="1" />
 <SETATR id="/attr/FX1064P1298" color="#ffc0c0c0" opac="100" sel="1" style="#0000" vis="1" weight="1" />
 <SETATR id="/attr/FX1064P1299" color="#ffc0c0c0" opac="100" sel="1" style="#0000" vis="1" weight="1" />
 <SETATR id="/attr/FX1064P1300" color="#ffc0c0c0" opac="100" sel="1" style="#0000" vis="1" weight="1" />
 <SETATR id="/attr/FX1064P1301" color="#ffc0c0c0" opac="100" sel="1" style="#0000" vis="1" weight="1" />
 <SETATR id="/attr/FX1064P1302" color="#ffc0c0c0" opac="100" sel="1" style="#0000" vis="1" weight="1" />
 <SETATR id="/attr/FX1064P1303" color="#ffc0c0c0" opac="100" sel="1" style="#0000" vis="1" weight="1" />
 <SETATR id="/attr/FX1064P1304" color="#ffc0c0c0" opac="100" sel="1" style="#0000" vis="1" weight="1" />
 <SETATR id="/attr/FX1064P1305" color="#ffc0c0c0" opac="100" sel="1" style="#0000" vis="1" weight="1" />
 <SETATR id="/attr/FX1064P1306" color="#ffc0c0c0" opac="100" sel="1" style="#0000" vis="1" weight="1" />
 <SETATR id="/attr/FX1064P1307" color="#ffc0c0c0" opac="100" sel="1" style="#0000" vis="1" weight="1" />
 <SETATR id="/attr/FX1064P1308" color="#ffc0c0c0" opac="100" sel="1" style="#0000" vis="1" weight="1" />
 <SETATR id="/attr/FX1064P1309" color="#ffc0c0c0" opac="100" sel="1" style="#0000" vis="1" weight="1" />
 <SETATR id="/attr/FX1064P1310" color="#ffc0c0c0" opac="100" sel="1" style="#0000" vis="1" weight="1" />
 <SETATR id="/attr/FX1064P1339" color="#ffc0c0c0" opac="100" sel="1" style="#0000" vis="1" weight="1" />
 <SETATR id="/attr/FX1064P1340" color="#ffc0c0c0" opac="100" sel="1" style="#0000" vis="1" weight="1" />
 <SETATR id="/attr/FX1064P1341" color="#ffc0c0c0" opac="100" sel="1" style="#0000" vis="1" weight="1" />
 <SETATR id="/attr/FX1064P1342" color="#ffc0c0c0" opac="100" sel="1" style="#0000" vis="1" weight="1" />
 <SETATR id="/attr/FX1064P1343" color="#ffc0c0c0" opac="100" sel="1" style="#0000" vis="1" weight="1" />
 <SETATR id="/attr/FX1064P1344" color="#ffc0c0c0" opac="100" sel="1" style="#0000" vis="1" weight="1" />
 <SETATR id="/attr/FX1064P1345" color="#ffc0c0c0" opac="100" sel="1" style="#0000" vis="1" weight="1" />
 <SETATR id="/attr/FX1064P1346" color="#ffc0c0c0" opac="100" sel="1" style="#0000" vis="1" weight="1" />
 <SETATR id="/attr/FX1064P1347" color="#ffc0c0c0" opac="100" sel="1" style="#0000" vis="1" weight="1" />
 <SETATR id="/attr/FX1064P1348" color="#ffc0c0c0" opac="100" sel="1" style="#0000" vis="1" weight="1" />
 <SETATR id="/attr/FX1064P1349" color="#ffc0c0c0" opac="100" sel="1" style="#0000" vis="1" weight="1" />
 <SETATR id="/attr/FX1064P1350" color="#ffc0c0c0" opac="100" sel="1" style="#0000" vis="1" weight="1" />
 <SETATR id="/attr/FX1064P1351" color="#ffc0c0c0" opac="100" sel="1" style="#0000" vis="1" weight="1" />
 <SETATR id="/attr/FX1064P1352" color="#ffc0c0c0" opac="100" sel="1" style="#0000" vis="1" weight="1" />
 <SETATR id="/attr/FX1812" color="#ffc0c0c0" opac="100" sel="1" style="#0000" vis="0" weight="1" />
 <SETATR id="/attr/FX1812P1814" color="#ffc0c0c0" opac="100" sel="1" style="#0000" vis="1" weight="1" />
 <SETATR id="/attr/FX1813" color="#ffc0c0c0" opac="100" sel="1" style="#0000" vis="0" weight="1" />
 <SETATR id="/attr/FX1815" color="#ffc0c0c0" opac="100" sel="1" style="#0000" vis="1" weight="1" />
 <SETATR id="/attr/FX2020" color="#ffc0c0c0" opac="100" sel="1" style="#0000" vis="1" weight="1" />
 <SETATR id="/attr/FX2020P2023" color="#ffc0c0c0" opac="100" sel="1" style="#0000" vis="1" weight="1" />
 <SETATR id="/attr/FX267" color="#ffc0c0c0" opac="100" sel="1" style="#0000" vis="1" weight="1" />
 <SETATR id="/attr/FX567" color="#ffc0c0c0" opac="100" sel="1" style="#0000" vis="0" weight="1" />
 <SETATR id="/attr/FX567P1136" color="#ffc0c0c0" opac="100" sel="1" style="#0000" vis="1" weight="1" />
 <SETATR id="/attr/O1927" color="#ffc0c0c0" opac="100" sel="1" style="#0000" vis="1" weight="1" />
 <SETATR id="/attr/O1928" color="#ffc0c0c0" opac="100" sel="1" style="#0000" vis="1" weight="1" />
 <SETATR id="/attr/O1929" color="#ffc0c0c0" opac="100" sel="1" style="#0000" vis="1" weight="1" />
 <SETATR id="/attr/O1930" color="#ffc0c0c0" opac="100" sel="1" style="#0000" vis="1" weight="1" />
 <SETATR id="/attr/O1931" color="#ffc0c0c0" opac="100" sel="1" style="#0000" vis="1" weight="1" />
 <SETATR id="/attr/O1932" color="#ffc0c0c0" opac="100" sel="1" style="#0000" vis="1" weight="1" />
 <SETATR id="/attr/O1933" color="#ffc0c0c0" opac="100" sel="1" style="#0000" vis="1" weight="1" />
 <SETATR id="/attr/O1935" color="#ffc0c0c0" opac="100" sel="1" style="#0000" vis="1" weight="1" />
 <SETATR id="/attr/O1936" color="#ffc0c0c0" opac="100" sel="1" style="#0000" vis="1" weight="1" />
 <SETATR id="/attr/O1937" color="#ffc0c0c0" opac="100" sel="1" style="#0000" vis="1" weight="1" />
 <SETATR id="/attr/O1938" color="#ffc0c0c0" opac="100" sel="1" style="#0000" vis="1" weight="1" />
 <SETATR id="/attr/O1939" color="#ffc0c0c0" opac="100" sel="1" style="#0000" vis="1" weight="1" />
 <SETATR id="/attr/O1940" color="#ffc0c0c0" opac="100" sel="1" style="#0000" vis="1" weight="1" />
 <SETATR id="/attr/O2022" color="#ffc0c0c0" opac="100" sel="1" style="#0000" vis="1" weight="1" />
 <SETATR id="/attr/O245" color="#ffc0c0c0" opac="100" sel="1" style="#0000" vis="1" weight="1" />
 <SETATR id="/attr/O246" color="#ffc0c0c0" opac="100" sel="1" style="#0000" vis="1" weight="1" />
 <SETATR id="/attr/O247" color="#ffc0c0c0" opac="100" sel="1" style="#0000" vis="1" weight="1" />
 <SETATR id="/attr/O248" color="#ffc0c0c0" opac="100" sel="1" style="#0000" vis="1" weight="1" />
 <SETATR id="/attr/O249" color="#ffc0c0c0" opac="100" sel="1" style="#0000" vis="1" weight="1" />
 <SETATR id="/attr/O250" color="#ffc0c0c0" opac="100" sel="1" style="#0000" vis="1" weight="1" />
 <SETATR id="/attr/O251" color="#ffc0c0c0" opac="100" sel="1" style="#0000" vis="1" weight="1" />
 <SETATR id="/attr/O252" color="#ffc0c0c0" opac="100" sel="1" style="#0000" vis="1" weight="1" />
 <SETATR id="/attr/O254" color="#ffc0c0c0" opac="100" sel="1" style="#0000" vis="1" weight="1" />
 <SETATR id="/attr/O255" color="#ffc0c0c0" opac="100" sel="1" style="#0000" vis="1" weight="1" />
 <SETATR id="/attr/O256" color="#ffc0c0c0" opac="100" sel="1" style="#0000" vis="1" weight="1" />
 <SETATR id="/attr/O257" color="#ffc0c0c0" opac="100" sel="1" style="#0000" vis="1" weight="1" />
 <SETATR id="/attr/O258" color="#ffc0c0c0" opac="100" sel="1" style="#0000" vis="1" weight="1" />
 <SETATR id="/attr/O259" color="#ffc0c0c0" opac="100" sel="1" style="#0000" vis="1" weight="1" />
 <SETATR id="/attr/O260" color="#ffc0c0c0" opac="100" sel="1" style="#0000" vis="1" weight="1" />
 <SETATR id="/attr/O261" color="#ffc0c0c0" opac="100" sel="1" style="#0000" vis="1" weight="1" />
 <SETATR id="/attr/O262" color="#ffc0c0c0" opac="100" sel="1" style="#0000" vis="1" weight="1" />
 <SETATR id="/attr/O265" color="#ffc0c0c0" opac="100" sel="1" style="#0000" vis="1" weight="1" />
 <SETATR id="/attr/O266" color="#ffc0c0c0" opac="100" sel="1" style="#0000" vis="1" weight="1" />
 <SETATR id="/attr/O3237" color="#ffc0c0c0" opac="100" sel="1" style="#0000" vis="1" weight="1" />
 <SETATR id="/attr/C2R173G174V1" color="#ffc0c0c0" opac="100" sel="1" style="#0000" vis="1" weight="1" />
 <SETATR id="/attr/C2R173G174V2" color="#ffc0c0c0" opac="100" sel="1" style="#0000" vis="1" weight="1" />
 <SETATR id="/attr/C2R173G175V1" color="#ffc0c0c0" opac="0" sel="1" style="#0000" vis="1" weight="1" />
 <SETATR id="/attr/C2R173G177V2" color="#ffc0c0c0" opac="100" sel="1" style="#0000" vis="1" weight="1" />
 <SETATR id="/attr/C4R500G501V1" color="#ffc0c0c0" opac="0" sel="1" style="#0000" vis="1" weight="1" />
 <SETATR id="/attr/C4R500G501V2" color="#ffc0c0c0" opac="100" sel="1" style="#0000" vis="1" weight="1" />
 <SETATR id="/attr/C4R500G503V2" color="#ffc0c0c0" opac="100" sel="1" style="#0000" vis="1" weight="1" />
 <SETATR id="/attr/C2R173G177V1" color="#ffc0c0c0" opac="100" sel="1" style="#0000" vis="1" weight="1" />
 <SETATR id="/attr/C4R500G503V1" color="#ffc0c0c0" opac="100" sel="1" style="#0000" vis="1" weight="1" />
 <SETGN id = "cell">
   <SETGN id="floor" loc="0.000, 0.000, 0.000, 0.000, 0.000, 0.000">
    <SETWALL id="wall" siz="20000.00, 20000.00, 0.00" side="1" aid="/attr/Workcell2_floor" fid=""/>
   </SETGN>
   <SETGN id="floor" loc="0.000, 0.000, 0.010, 0.000, 0.000, 0.000">
    <SETGRID id="grid" siz="20000.00, 20000.00, 0.00" grid="1000.00" side="1" aid="/attr/Workcell2_grid" fid=""/>
   </SETGN>
   <SETGN id="C2R173" loc="4124.999, 3033.000, 0.000, 0.000, -90.000, 0.000">
    <SETGN id="C2R173_rb_J0" loc="0.000, 0.000, 0.000, 0.000, 0.000, 0.000">
     <SETPOD id="C2R173_rb_J0" loc="0.000, 0.000, 0.000, 0.000, 0.000, 0.000" URL="/fr/C2R173_rb_J0.pod" aid="/attr/C2R173_rb_J0" fid="" />
    </SETGN>
    <SETGN id="C2R173_rb_J1" loc="0.000, 0.000, 0.000, 27.096, 0.000, 0.000">
     <SETPOD id="C2R173_rb_J1" loc="0.000, 0.000, 0.000, 0.000, 0.000, 0.000" URL="/fr/C2R173_rb_J1.pod" aid="/attr/C2R173_rb_J1" fid="" />
    </SETGN>
    <SETGN id="C2R173_rb_J2" loc="-26.380, 618.451, 316.421, 22.895, 14.900, -31.335">
     <SETPOD id="C2R173_rb_J2" loc="0.000, 0.000, 0.000, 0.000, 0.000, 0.000" URL="/fr/C2R173_rb_J2.pod" aid="/attr/C2R173_rb_J2" fid="" />
    </SETGN>
    <SETGN id="C2R173_rb_J3" loc="-83.201, -1031.766, -527.887, 26.598, -5.368, 10.583">
     <SETPOD id="C2R173_rb_J3" loc="0.000, 0.000, 0.000, 0.000, 0.000, 0.000" URL="/fr/C2R173_rb_J3.pod" aid="/attr/C2R173_rb_J3" fid="" />
    </SETGN>
    <SETGN id="C2R173_rb_J4" loc="-480.000, -637.795, -326.318, 27.096, -0.000, -0.000">
     <SETPOD id="C2R173_rb_J4" loc="0.000, 0.000, 0.000, 0.000, 0.000, 0.000" URL="/fr/C2R173_rb_J4.pod" aid="/attr/C2R173_rb_J4" fid="" />
    </SETGN>
    <SETGN id="C2R173_rb_J5" loc="-480.000, 1133.699, -1384.998, 91.177, -0.000, -0.000">
     <SETPOD id="C2R173_rb_J5" loc="0.000, 0.000, 0.000, 0.000, 0.000, 0.000" URL="/fr/C2R173_rb_J5.pod" aid="/attr/C2R173_rb_J5" fid="" />
    </SETGN>
    <SETGN id="C2R173_rb_J6" loc="103.771, -195.565, -100.058, 26.598, -5.368, 10.583">
     <SETPOD id="C2R173_rb_J6" loc="0.000, 0.000, 0.000, 0.000, 0.000, 0.000" URL="/fr/C2R173_rb_J6.pod" aid="/attr/C2R173_rb_J6" fid="" />
    </SETGN>
    <SETGN id="C2R173_rb_J7" loc="430.929, 555.226, 284.073, 22.895, 14.900, -31.335">
     <SETPOD id="C2R173_rb_J7" loc="0.000, 0.000, 0.000, 0.000, 0.000, 0.000" URL="/fr/C2R173_rb_J7.pod" aid="/attr/C2R173_rb_J7" fid="" />
    </SETGN>
    <SETGN id="C2R173_rb_J8" loc="303.927, 677.283, 346.521, 22.895, 14.900, -31.335">
     <SETPOD id="C2R173_rb_J8" loc="0.000, 0.000, 0.000, 0.000, 0.000, 0.000" URL="/fr/C2R173_rb_J8.pod" aid="/attr/C2R173_rb_J8" fid="" />
    </SETGN>
    <SETGN id="C2R173_rb_J9" loc="-212.984, -613.120, -313.693, 27.096, -0.000, -0.000">
     <SETPOD id="C2R173_rb_J9" loc="0.000, 0.000, 0.000, 0.000, 0.000, 0.000" URL="/fr/C2R173_rb_J9.pod" aid="/attr/C2R173_rb_J9" fid="" />
    </SETGN>
    <SETGN id="C2R173_rb_J10" loc="25.254, -1071.646, -548.291, 26.598, -5.368, 10.583">
     <SETPOD id="C2R173_rb_J10" loc="0.000, 0.000, 0.000, 0.000, 0.000, 0.000" URL="/fr/C2R173_rb_J10.pod" aid="/attr/C2R173_rb_J10" fid="" />
    </SETGN>
   </SETGN>
   <SETGN id="C4R500" loc="894.006, -1787.000, 0.000, 180.000, -90.000, 0.000">
    <SETGN id="C4R500_rb_J0" loc="0.000, 0.000, 0.000, 0.000, 0.000, 0.000">
     <SETPOD id="C4R500_rb_J0" loc="0.000, 0.000, 0.000, 0.000, 0.000, 0.000" URL="/fr/C4R500_rb_J0.pod" aid="/attr/C4R500_rb_J0" fid="" />
    </SETGN>
    <SETGN id="C4R500_rb_J1" loc="0.000, 0.000, 0.000, 0.000, 0.000, 0.000">
     <SETPOD id="C4R500_rb_J1" loc="0.000, 0.000, 0.000, 0.000, 0.000, 0.000" URL="/fr/C4R500_rb_J1.pod" aid="/attr/C4R500_rb_J1" fid="" />
    </SETGN>
    <SETGN id="C4R500_rb_J2" loc="16.680, 657.567, -0.000, -0.000, -0.000, -52.846">
     <SETPOD id="C4R500_rb_J2" loc="0.000, 0.000, 0.000, 0.000, 0.000, 0.000" URL="/fr/C4R500_rb_J2.pod" aid="/attr/C4R500_rb_J2" fid="" />
    </SETGN>
    <SETGN id="C4R500_rb_J3" loc="-453.045, -581.239, 0.000, -0.000, -0.000, -8.959">
     <SETPOD id="C4R500_rb_J3" loc="0.000, 0.000, 0.000, 0.000, 0.000, 0.000" URL="/fr/C4R500_rb_J3.pod" aid="/attr/C4R500_rb_J3" fid="" />
    </SETGN>
    <SETGN id="C4R500_rb_J4" loc="-453.045, -581.239, 0.000, -0.000, -0.000, -8.959">
     <SETPOD id="C4R500_rb_J4" loc="0.000, 0.000, 0.000, 0.000, 0.000, 0.000" URL="/fr/C4R500_rb_J4.pod" aid="/attr/C4R500_rb_J4" fid="" />
    </SETGN>
    <SETGN id="C4R500_rb_J5" loc="3853.053, -840.802, 0.000, -0.000, 0.000, 90.004">
     <SETPOD id="C4R500_rb_J5" loc="0.000, 0.000, 0.000, 0.000, 0.000, 0.000" URL="/fr/C4R500_rb_J5.pod" aid="/attr/C4R500_rb_J5" fid="" />
    </SETGN>
    <SETGN id="C4R500_rb_J6" loc="3853.053, -840.802, 0.000, -0.000, 0.000, 90.004">
     <SETPOD id="C4R500_rb_J6" loc="0.000, 0.000, 0.000, 0.000, 0.000, 0.000" URL="/fr/C4R500_rb_J6.pod" aid="/attr/C4R500_rb_J6" fid="" />
    </SETGN>
    <SETGN id="C4R500_rb_J7" loc="-95.007, -110.915, 0.000, 0.000, 0.000, 19.270">
     <SETPOD id="C4R500_rb_J7" loc="0.000, 0.000, 0.000, 0.000, 0.000, 0.000" URL="/fr/C4R500_rb_J7.pod" aid="/attr/C4R500_rb_J7" fid="" />
    </SETGN>
    <SETGN id="C4R500_rb_J8" loc="-66.325, -222.732, -0.000, -0.000, 0.000, 19.270">
     <SETPOD id="C4R500_rb_J8" loc="0.000, 0.000, 0.000, 0.000, 0.000, 0.000" URL="/fr/C4R500_rb_J8.pod" aid="/attr/C4R500_rb_J8" fid="" />
    </SETGN>
   </SETGN>
   <SETGN id="C2R173G175P658" loc="0.000, 0.000, -70.000, -180.000, 0.000, -180.000">
   </SETGN>
   <SETGN id="C2R173G177P1839" loc="3565.407, 4126.733, 1434.262, -180.000, 0.000, -178.823">
    <SETPOD id="C2R173G177P1839" loc="0.000, 0.000, 0.000, 0.000, 0.000, 0.000" URL="/fr/C2R173G177P1839.pod" aid="/attr/C2R173G177P1839" fid="" />
   </SETGN>
   <SETGN id="C2R173KinematicsZero" loc="4124.999, 3033.000, 1110.000, 0.000, 0.000, 90.000">
    <SETPOD id="C2R173KinematicsZero" loc="0.000, 0.000, 0.000, 0.000, 0.000, 0.000" URL="/fr/C2R173KinematicsZero.pod" aid="/attr/C2R173KinematicsZero" fid="" />
   </SETGN>
   <SETGN id="C2R173U173" loc="4124.999, 3033.000, 1110.000, 0.000, 0.000, 90.000">
    <SETPOD id="C2R173U173" loc="0.000, 0.000, 0.000, 0.000, 0.000, 0.000" URL="/fr/C2R173U173.pod" aid="/attr/C2R173U173" fid="" />
   </SETGN>
   <SETGN id="C2R173U185" loc="4582.536, 4112.632, 152.400, 0.000, 0.000, 90.000">
    <SETPOD id="C2R173U185" loc="0.000, 0.000, 0.000, 0.000, 0.000, 0.000" URL="/fr/C2R173U185.pod" aid="/attr/C2R173U185" fid="" />
   </SETGN>
   <SETGN id="C2R173U186" loc="2294.326, 4894.021, 655.500, 0.000, 0.000, -90.000">
    <SETPOD id="C2R173U186" loc="0.000, 0.000, 0.000, 0.000, 0.000, 0.000" URL="/fr/C2R173U186.pod" aid="/attr/C2R173U186" fid="" />
   </SETGN>
   <SETGN id="C2R173U187" loc="4124.999, 3033.000, 1110.000, 0.000, 0.000, 90.000">
    <SETPOD id="C2R173U187" loc="0.000, 0.000, 0.000, 0.000, 0.000, 0.000" URL="/fr/C2R173U187.pod" aid="/attr/C2R173U187" fid="" />
   </SETGN>
   <SETGN id="C2R173U188" loc="4124.999, 3033.000, 1110.000, 0.000, 0.000, 90.000">
    <SETPOD id="C2R173U188" loc="0.000, 0.000, 0.000, 0.000, 0.000, 0.000" URL="/fr/C2R173U188.pod" aid="/attr/C2R173U188" fid="" />
   </SETGN>
   <SETGN id="C2R173U189" loc="4124.999, 3033.000, 1110.000, 0.000, 0.000, 90.000">
    <SETPOD id="C2R173U189" loc="0.000, 0.000, 0.000, 0.000, 0.000, 0.000" URL="/fr/C2R173U189.pod" aid="/attr/C2R173U189" fid="" />
   </SETGN>
   <SETGN id="C2R173U190" loc="4124.999, 3033.000, 1110.000, 0.000, 0.000, 90.000">
    <SETPOD id="C2R173U190" loc="0.000, 0.000, 0.000, 0.000, 0.000, 0.000" URL="/fr/C2R173U190.pod" aid="/attr/C2R173U190" fid="" />
   </SETGN>
   <SETGN id="C2R173U191" loc="4124.999, 3033.000, 1110.000, 0.000, 0.000, 90.000">
    <SETPOD id="C2R173U191" loc="0.000, 0.000, 0.000, 0.000, 0.000, 0.000" URL="/fr/C2R173U191.pod" aid="/attr/C2R173U191" fid="" />
   </SETGN>
   <SETGN id="C2R173U192" loc="4124.999, 3033.000, 1110.000, 0.000, 0.000, 90.000">
    <SETPOD id="C2R173U192" loc="0.000, 0.000, 0.000, 0.000, 0.000, 0.000" URL="/fr/C2R173U192.pod" aid="/attr/C2R173U192" fid="" />
   </SETGN>
   <SETGN id="C2R173U193" loc="4124.999, 3033.000, 1110.000, 0.000, 0.000, 90.000">
    <SETPOD id="C2R173U193" loc="0.000, 0.000, 0.000, 0.000, 0.000, 0.000" URL="/fr/C2R173U193.pod" aid="/attr/C2R173U193" fid="" />
   </SETGN>
   <SETGN id="C2R173WorldZero" loc="4124.999, 3033.000, 1110.000, 0.000, 0.000, 90.000">
    <SETPOD id="C2R173WorldZero" loc="0.000, 0.000, 0.000, 0.000, 0.000, 0.000" URL="/fr/C2R173WorldZero.pod" aid="/attr/C2R173WorldZero" fid="" />
   </SETGN>
   <SETGN id="C2R173x2000000007" loc="4124.999, 3033.000, 0.000, 0.000, 0.000, 90.000">
    <SETPOD id="C2R173x2000000007" loc="0.000, 0.000, 0.000, 0.000, 0.000, 0.000" URL="/fr/C2R173x2000000007.pod" aid="/attr/C2R173x2000000007" fid="" />
   </SETGN>
   <SETGN id="C4R500CBL" loc="0.000, 0.000, 0.000, 0.000, 0.000, 0.000">
    <SETGN id="C4R500CBL564-B" loc="894.006, -1787.000, 0.000, 0.000, 0.000, -90.000">
     <SETPOD id="C4R500CBL564-B" loc="0.000, 0.000, 0.000, 0.000, 0.000, 0.000" URL="/fr/C4R500CBL564-B.pod" aid="/attr/C4R500CBL564-B" fid="" />
    </SETGN>
    <SETGN id="C4R500CBL564-C1" loc="1251.128, -1968.196, 476.566, 90.000, -75.131, 122.003">
     <SETPOD id="C4R500CBL564-C1" loc="0.000, 0.000, 0.000, 0.000, 0.000, 0.000" URL="/fr/C4R500CBL564-C1.pod" aid="/attr/C4R500CBL564-C1" fid="" />
    </SETGN>
    <SETGN id="C4R500CBL564-C10" loc="1314.650, -2076.980, 580.164, 87.111, 5.379, -90.271">
     <SETPOD id="C4R500CBL564-C10" loc="0.000, 0.000, 0.000, 0.000, 0.000, 0.000" URL="/fr/C4R500CBL564-C10.pod" aid="/attr/C4R500CBL564-C10" fid="" />
    </SETGN>
    <SETGN id="C4R500CBL564-C11" loc="1314.738, -2077.085, 599.516, 92.359, -4.757, -90.196">
     <SETPOD id="C4R500CBL564-C11" loc="0.000, 0.000, 0.000, 0.000, 0.000, 0.000" URL="/fr/C4R500CBL564-C11.pod" aid="/attr/C4R500CBL564-C11" fid="" />
    </SETGN>
    <SETGN id="C4R500CBL564-C12" loc="1313.174, -2073.901, 618.573, 97.312, -14.019, -91.780">
     <SETPOD id="C4R500CBL564-C12" loc="0.000, 0.000, 0.000, 0.000, 0.000, 0.000" URL="/fr/C4R500CBL564-C12.pod" aid="/attr/C4R500CBL564-C12" fid="" />
    </SETGN>
    <SETGN id="C4R500CBL564-C13" loc="1310.218, -2067.804, 636.777, 102.368, -21.954, -94.687">
     <SETPOD id="C4R500CBL564-C13" loc="0.000, 0.000, 0.000, 0.000, 0.000, 0.000" URL="/fr/C4R500CBL564-C13.pod" aid="/attr/C4R500CBL564-C13" fid="" />
    </SETGN>
    <SETGN id="C4R500CBL564-C14" loc="1306.173, -2059.278, 653.806, 90.000, -32.939, -64.873">
     <SETPOD id="C4R500CBL564-C14" loc="0.000, 0.000, 0.000, 0.000, 0.000, 0.000" URL="/fr/C4R500CBL564-C14.pod" aid="/attr/C4R500CBL564-C14" fid="" />
    </SETGN>
    <SETGN id="C4R500CBL564-C15" loc="1301.346, -2048.847, 669.567, 90.000, -39.256, -65.425">
     <SETPOD id="C4R500CBL564-C15" loc="0.000, 0.000, 0.000, 0.000, 0.000, 0.000" URL="/fr/C4R500CBL564-C15.pod" aid="/attr/C4R500CBL564-C15" fid="" />
    </SETGN>
    <SETGN id="C4R500CBL564-C16" loc="1296.027, -2037.034, 684.193, 90.000, -43.816, -66.060">
     <SETPOD id="C4R500CBL564-C16" loc="0.000, 0.000, 0.000, 0.000, 0.000, 0.000" URL="/fr/C4R500CBL564-C16.pod" aid="/attr/C4R500CBL564-C16" fid="" />
    </SETGN>
    <SETGN id="C4R500CBL564-C17" loc="1290.464, -2024.303, 697.967, 90.000, -46.674, -66.720">
     <SETPOD id="C4R500CBL564-C17" loc="0.000, 0.000, 0.000, 0.000, 0.000, 0.000" URL="/fr/C4R500CBL564-C17.pod" aid="/attr/C4R500CBL564-C17" fid="" />
    </SETGN>
    <SETGN id="C4R500CBL564-C18" loc="1284.855, -2011.058, 711.253, 90.000, -47.873, -67.368">
     <SETPOD id="C4R500CBL564-C18" loc="0.000, 0.000, 0.000, 0.000, 0.000, 0.000" URL="/fr/C4R500CBL564-C18.pod" aid="/attr/C4R500CBL564-C18" fid="" />
    </SETGN>
    <SETGN id="C4R500CBL564-C19" loc="1279.319, -1997.616, 724.384, 90.000, -47.948, -67.862">
     <SETPOD id="C4R500CBL564-C19" loc="0.000, 0.000, 0.000, 0.000, 0.000, 0.000" URL="/fr/C4R500CBL564-C19.pod" aid="/attr/C4R500CBL564-C19" fid="" />
    </SETGN>
    <SETGN id="C4R500CBL564-C2" loc="1261.181, -1984.411, 481.682, 90.000, -74.846, 121.586">
     <SETPOD id="C4R500CBL564-C2" loc="0.000, 0.000, 0.000, 0.000, 0.000, 0.000" URL="/fr/C4R500CBL564-C2.pod" aid="/attr/C4R500CBL564-C2" fid="" />
    </SETGN>
    <SETGN id="C4R500CBL564-C20" loc="1273.992, -1984.305, 738.022, 90.000, -44.947, -68.529">
     <SETPOD id="C4R500CBL564-C20" loc="0.000, 0.000, 0.000, 0.000, 0.000, 0.000" URL="/fr/C4R500CBL564-C20.pod" aid="/attr/C4R500CBL564-C20" fid="" />
    </SETGN>
    <SETGN id="C4R500CBL564-C3" loc="1270.908, -2000.347, 487.282, 90.000, -71.759, 121.212">
     <SETPOD id="C4R500CBL564-C3" loc="0.000, 0.000, 0.000, 0.000, 0.000, 0.000" URL="/fr/C4R500CBL564-C3.pod" aid="/attr/C4R500CBL564-C3" fid="" />
    </SETGN>
    <SETGN id="C4R500CBL564-C4" loc="1280.259, -2015.943, 494.233, 90.000, -66.403, 120.667">
     <SETPOD id="C4R500CBL564-C4" loc="0.000, 0.000, 0.000, 0.000, 0.000, 0.000" URL="/fr/C4R500CBL564-C4.pod" aid="/attr/C4R500CBL564-C4" fid="" />
    </SETGN>
    <SETGN id="C4R500CBL564-C5" loc="1289.008, -2030.871, 503.099, 90.000, -59.331, 120.060">
     <SETPOD id="C4R500CBL564-C5" loc="0.000, 0.000, 0.000, 0.000, 0.000, 0.000" URL="/fr/C4R500CBL564-C5.pod" aid="/attr/C4R500CBL564-C5" fid="" />
    </SETGN>
    <SETGN id="C4R500CBL564-C6" loc="1296.909, -2044.670, 514.229, 90.000, -50.687, 119.501">
     <SETPOD id="C4R500CBL564-C6" loc="0.000, 0.000, 0.000, 0.000, 0.000, 0.000" URL="/fr/C4R500CBL564-C6.pod" aid="/attr/C4R500CBL564-C6" fid="" />
    </SETGN>
    <SETGN id="C4R500CBL564-C7" loc="1303.689, -2056.770, 527.760, 90.000, -40.728, 118.980">
     <SETPOD id="C4R500CBL564-C7" loc="0.000, 0.000, 0.000, 0.000, 0.000, 0.000" URL="/fr/C4R500CBL564-C7.pod" aid="/attr/C4R500CBL564-C7" fid="" />
    </SETGN>
    <SETGN id="C4R500CBL564-C8" loc="1309.052, -2066.546, 543.571, 90.000, -29.658, 118.445">
     <SETPOD id="C4R500CBL564-C8" loc="0.000, 0.000, 0.000, 0.000, 0.000, 0.000" URL="/fr/C4R500CBL564-C8.pod" aid="/attr/C4R500CBL564-C8" fid="" />
    </SETGN>
    <SETGN id="C4R500CBL564-C9" loc="1312.754, -2073.421, 561.256, 80.984, 15.623, -92.447">
     <SETPOD id="C4R500CBL564-C9" loc="0.000, 0.000, 0.000, 0.000, 0.000, 0.000" URL="/fr/C4R500CBL564-C9.pod" aid="/attr/C4R500CBL564-C9" fid="" />
    </SETGN>
    <SETGN id="C4R500CBL565-B" loc="894.006, -1787.000, 0.000, 0.000, 0.000, -90.000">
     <SETPOD id="C4R500CBL565-B" loc="0.000, 0.000, 0.000, 0.000, 0.000, 0.000" URL="/fr/C4R500CBL565-B.pod" aid="/attr/C4R500CBL565-B" fid="" />
    </SETGN>
    <SETGN id="C4R500CBL565-C1" loc="1273.956, -1364.226, 1310.803, 90.000, -54.314, -108.582">
     <SETPOD id="C4R500CBL565-C1" loc="0.000, 0.000, 0.000, 0.000, 0.000, 0.000" URL="/fr/C4R500CBL565-C1.pod" aid="/attr/C4R500CBL565-C1" fid="" />
    </SETGN>
    <SETGN id="C4R500CBL565-C10" loc="1340.421, -1305.089, 1440.360, 69.770, 13.404, -94.883">
     <SETPOD id="C4R500CBL565-C10" loc="0.000, 0.000, 0.000, 0.000, 0.000, 0.000" URL="/fr/C4R500CBL565-C10.pod" aid="/attr/C4R500CBL565-C10" fid="" />
    </SETGN>
    <SETGN id="C4R500CBL565-C11" loc="1345.753, -1310.985, 1457.021, 90.000, -27.609, 122.594">
     <SETPOD id="C4R500CBL565-C11" loc="0.000, 0.000, 0.000, 0.000, 0.000, 0.000" URL="/fr/C4R500CBL565-C11.pod" aid="/attr/C4R500CBL565-C11" fid="" />
    </SETGN>
    <SETGN id="C4R500CBL565-C12" loc="1349.543, -1319.431, 1472.994, 90.000, -33.044, 107.021">
     <SETPOD id="C4R500CBL565-C12" loc="0.000, 0.000, 0.000, 0.000, 0.000, 0.000" URL="/fr/C4R500CBL565-C12.pod" aid="/attr/C4R500CBL565-C12" fid="" />
    </SETGN>
    <SETGN id="C4R500CBL565-C13" loc="1351.578, -1330.130, 1487.912, 90.000, -39.492, 95.412">
     <SETPOD id="C4R500CBL565-C13" loc="0.000, 0.000, 0.000, 0.000, 0.000, 0.000" URL="/fr/C4R500CBL565-C13.pod" aid="/attr/C4R500CBL565-C13" fid="" />
    </SETGN>
    <SETGN id="C4R500CBL565-C14" loc="1351.711, -1342.678, 1501.475, 90.000, -46.236, 86.373">
     <SETPOD id="C4R500CBL565-C14" loc="0.000, 0.000, 0.000, 0.000, 0.000, 0.000" URL="/fr/C4R500CBL565-C14.pod" aid="/attr/C4R500CBL565-C14" fid="" />
    </SETGN>
    <SETGN id="C4R500CBL565-C15" loc="1349.876, -1356.639, 1513.456, 90.000, -53.096, 79.031">
     <SETPOD id="C4R500CBL565-C15" loc="0.000, 0.000, 0.000, 0.000, 0.000, 0.000" URL="/fr/C4R500CBL565-C15.pod" aid="/attr/C4R500CBL565-C15" fid="" />
    </SETGN>
    <SETGN id="C4R500CBL565-C16" loc="1346.096, -1371.577, 1523.686, 90.000, -59.818, 72.809">
     <SETPOD id="C4R500CBL565-C16" loc="0.000, 0.000, 0.000, 0.000, 0.000, 0.000" URL="/fr/C4R500CBL565-C16.pod" aid="/attr/C4R500CBL565-C16" fid="" />
    </SETGN>
    <SETGN id="C4R500CBL565-C17" loc="1340.427, -1387.049, 1532.088, 90.000, -66.208, 67.104">
     <SETPOD id="C4R500CBL565-C17" loc="0.000, 0.000, 0.000, 0.000, 0.000, 0.000" URL="/fr/C4R500CBL565-C17.pod" aid="/attr/C4R500CBL565-C17" fid="" />
    </SETGN>
    <SETGN id="C4R500CBL565-C18" loc="1332.948, -1402.629, 1538.676, 90.000, -72.101, 61.715">
     <SETPOD id="C4R500CBL565-C18" loc="0.000, 0.000, 0.000, 0.000, 0.000, 0.000" URL="/fr/C4R500CBL565-C18.pod" aid="/attr/C4R500CBL565-C18" fid="" />
    </SETGN>
    <SETGN id="C4R500CBL565-C19" loc="1323.746, -1417.909, 1543.577, 90.000, -77.204, 56.240">
     <SETPOD id="C4R500CBL565-C19" loc="0.000, 0.000, 0.000, 0.000, 0.000, 0.000" URL="/fr/C4R500CBL565-C19.pod" aid="/attr/C4R500CBL565-C19" fid="" />
    </SETGN>
    <SETGN id="C4R500CBL565-C2" loc="1279.467, -1350.233, 1321.945, 90.000, -52.679, -114.535">
     <SETPOD id="C4R500CBL565-C2" loc="0.000, 0.000, 0.000, 0.000, 0.000, 0.000" URL="/fr/C4R500CBL565-C2.pod" aid="/attr/C4R500CBL565-C2" fid="" />
    </SETGN>
    <SETGN id="C4R500CBL565-C20" loc="1312.906, -1432.511, 1547.006, 90.000, -81.465, 50.620">
     <SETPOD id="C4R500CBL565-C20" loc="0.000, 0.000, 0.000, 0.000, 0.000, 0.000" URL="/fr/C4R500CBL565-C20.pod" aid="/attr/C4R500CBL565-C20" fid="" />
    </SETGN>
    <SETGN id="C4R500CBL565-C21" loc="1300.521, -1446.108, 1549.178, 90.000, -85.075, 44.746">
     <SETPOD id="C4R500CBL565-C21" loc="0.000, 0.000, 0.000, 0.000, 0.000, 0.000" URL="/fr/C4R500CBL565-C21.pod" aid="/attr/C4R500CBL565-C21" fid="" />
    </SETGN>
    <SETGN id="C4R500CBL565-C22" loc="1286.723, -1458.425, 1550.269, 90.000, -88.185, 38.771">
     <SETPOD id="C4R500CBL565-C22" loc="0.000, 0.000, 0.000, 0.000, 0.000, 0.000" URL="/fr/C4R500CBL565-C22.pod" aid="/attr/C4R500CBL565-C22" fid="" />
    </SETGN>
    <SETGN id="C4R500CBL565-C23" loc="1271.663, -1469.219, 1550.456, -90.000, -89.338, -147.507">
     <SETPOD id="C4R500CBL565-C23" loc="0.000, 0.000, 0.000, 0.000, 0.000, 0.000" URL="/fr/C4R500CBL565-C23.pod" aid="/attr/C4R500CBL565-C23" fid="" />
    </SETGN>
    <SETGN id="C4R500CBL565-C24" loc="1255.479, -1478.230, 1549.974, -90.000, -87.691, -154.278">
     <SETPOD id="C4R500CBL565-C24" loc="0.000, 0.000, 0.000, 0.000, 0.000, 0.000" URL="/fr/C4R500CBL565-C24.pod" aid="/attr/C4R500CBL565-C24" fid="" />
    </SETGN>
    <SETGN id="C4R500CBL565-C25" loc="1238.339, -1485.219, 1549.089, -90.000, -86.844, -161.355">
     <SETPOD id="C4R500CBL565-C25" loc="0.000, 0.000, 0.000, 0.000, 0.000, 0.000" URL="/fr/C4R500CBL565-C25.pod" aid="/attr/C4R500CBL565-C25" fid="" />
    </SETGN>
    <SETGN id="C4R500CBL565-C26" loc="1220.468, -1490.025, 1548.042, -90.000, -86.693, -168.541">
     <SETPOD id="C4R500CBL565-C26" loc="0.000, 0.000, 0.000, 0.000, 0.000, 0.000" URL="/fr/C4R500CBL565-C26.pod" aid="/attr/C4R500CBL565-C26" fid="" />
    </SETGN>
    <SETGN id="C4R500CBL565-C27" loc="1202.158, -1492.868, 1547.071, -90.000, -87.314, -173.807">
     <SETPOD id="C4R500CBL565-C27" loc="0.000, 0.000, 0.000, 0.000, 0.000, 0.000" URL="/fr/C4R500CBL565-C27.pod" aid="/attr/C4R500CBL565-C27" fid="" />
    </SETGN>
    <SETGN id="C4R500CBL565-C28" loc="1183.470, -1493.869, 1546.636, -90.000, -90.000, -180.000">
     <SETPOD id="C4R500CBL565-C28" loc="0.000, 0.000, 0.000, 0.000, 0.000, 0.000" URL="/fr/C4R500CBL565-C28.pod" aid="/attr/C4R500CBL565-C28" fid="" />
    </SETGN>
    <SETGN id="C4R500CBL565-C3" loc="1285.983, -1337.357, 1333.561, 90.000, -49.707, -119.250">
     <SETPOD id="C4R500CBL565-C3" loc="0.000, 0.000, 0.000, 0.000, 0.000, 0.000" URL="/fr/C4R500CBL565-C3.pod" aid="/attr/C4R500CBL565-C3" fid="" />
    </SETGN>
    <SETGN id="C4R500CBL565-C4" loc="1293.283, -1325.876, 1346.108, 90.000, -45.019, -125.901">
     <SETPOD id="C4R500CBL565-C4" loc="0.000, 0.000, 0.000, 0.000, 0.000, 0.000" URL="/fr/C4R500CBL565-C4.pod" aid="/attr/C4R500CBL565-C4" fid="" />
    </SETGN>
    <SETGN id="C4R500CBL565-C5" loc="1301.252, -1316.280, 1359.770, 90.000, -39.918, -133.901">
     <SETPOD id="C4R500CBL565-C5" loc="0.000, 0.000, 0.000, 0.000, 0.000, 0.000" URL="/fr/C4R500CBL565-C5.pod" aid="/attr/C4R500CBL565-C5" fid="" />
    </SETGN>
    <SETGN id="C4R500CBL565-C6" loc="1309.626, -1308.872, 1374.499, 90.000, -34.681, -143.698">
     <SETPOD id="C4R500CBL565-C6" loc="0.000, 0.000, 0.000, 0.000, 0.000, 0.000" URL="/fr/C4R500CBL565-C6.pod" aid="/attr/C4R500CBL565-C6" fid="" />
    </SETGN>
    <SETGN id="C4R500CBL565-C7" loc="1318.077, -1303.898, 1390.167, 90.000, -29.709, -156.216">
     <SETPOD id="C4R500CBL565-C7" loc="0.000, 0.000, 0.000, 0.000, 0.000, 0.000" URL="/fr/C4R500CBL565-C7.pod" aid="/attr/C4R500CBL565-C7" fid="" />
    </SETGN>
    <SETGN id="C4R500CBL565-C8" loc="1326.257, -1301.543, 1406.565, 64.496, -2.811, -88.660">
     <SETPOD id="C4R500CBL565-C8" loc="0.000, 0.000, 0.000, 0.000, 0.000, 0.000" URL="/fr/C4R500CBL565-C8.pod" aid="/attr/C4R500CBL565-C8" fid="" />
    </SETGN>
    <SETGN id="C4R500CBL565-C9" loc="1333.818, -1301.924, 1423.410, 67.036, 5.046, -92.134">
     <SETPOD id="C4R500CBL565-C9" loc="0.000, 0.000, 0.000, 0.000, 0.000, 0.000" URL="/fr/C4R500CBL565-C9.pod" aid="/attr/C4R500CBL565-C9" fid="" />
    </SETGN>
   </SETGN>
   <SETGN id="C4R500G501P574" loc="0.000, -80.000, 0.000, 90.000, 90.000, 0.000">
   </SETGN>
   <SETGN id="C4R500G503P1838" loc="894.007, -2916.001, 1341.784, 180.000, -0.000, 0.000">
    <SETPOD id="C4R500G503P1838" loc="0.000, 0.000, 0.000, 0.000, 0.000, 0.000" URL="/fr/C4R500G503P1838.pod" aid="/attr/C4R500G503P1838" fid="" />
   </SETGN>
   <SETGN id="C4R500KinematicsZero" loc="894.006, -1787.000, 670.000, 0.000, 0.000, -90.000">
    <SETPOD id="C4R500KinematicsZero" loc="0.000, 0.000, 0.000, 0.000, 0.000, 0.000" URL="/fr/C4R500KinematicsZero.pod" aid="/attr/C4R500KinematicsZero" fid="" />
   </SETGN>
   <SETGN id="C4R500U500" loc="894.006, -1787.000, 670.000, 0.000, 0.000, -90.000">
    <SETPOD id="C4R500U500" loc="0.000, 0.000, 0.000, 0.000, 0.000, 0.000" URL="/fr/C4R500U500.pod" aid="/attr/C4R500U500" fid="" />
   </SETGN>
   <SETGN id="C4R500U512" loc="-687.813, -3162.656, 152.427, 0.000, 0.000, -90.000">
    <SETPOD id="C4R500U512" loc="0.000, 0.000, 0.000, 0.000, 0.000, 0.000" URL="/fr/C4R500U512.pod" aid="/attr/C4R500U512" fid="" />
   </SETGN>
   <SETGN id="C4R500U513" loc="-1239.043, -1966.954, 1159.224, -17.740, -23.580, 90.000">
    <SETPOD id="C4R500U513" loc="0.000, 0.000, 0.000, 0.000, 0.000, 0.000" URL="/fr/C4R500U513.pod" aid="/attr/C4R500U513" fid="" />
   </SETGN>
   <SETGN id="C4R500U514" loc="2740.046, -4069.522, 654.791, 0.000, 0.000, 90.134">
    <SETPOD id="C4R500U514" loc="0.000, 0.000, 0.000, 0.000, 0.000, 0.000" URL="/fr/C4R500U514.pod" aid="/attr/C4R500U514" fid="" />
   </SETGN>
   <SETGN id="C4R500U515" loc="894.006, -1787.000, 670.000, 0.000, 0.000, -90.000">
    <SETPOD id="C4R500U515" loc="0.000, 0.000, 0.000, 0.000, 0.000, 0.000" URL="/fr/C4R500U515.pod" aid="/attr/C4R500U515" fid="" />
   </SETGN>
   <SETGN id="C4R500U516" loc="894.006, -1787.000, 670.000, 0.000, 0.000, -90.000">
    <SETPOD id="C4R500U516" loc="0.000, 0.000, 0.000, 0.000, 0.000, 0.000" URL="/fr/C4R500U516.pod" aid="/attr/C4R500U516" fid="" />
   </SETGN>
   <SETGN id="C4R500U517" loc="894.006, -1787.000, 670.000, 0.000, 0.000, -90.000">
    <SETPOD id="C4R500U517" loc="0.000, 0.000, 0.000, 0.000, 0.000, 0.000" URL="/fr/C4R500U517.pod" aid="/attr/C4R500U517" fid="" />
   </SETGN>
   <SETGN id="C4R500U518" loc="894.006, -1787.000, 670.000, 0.000, 0.000, -90.000">
    <SETPOD id="C4R500U518" loc="0.000, 0.000, 0.000, 0.000, 0.000, 0.000" URL="/fr/C4R500U518.pod" aid="/attr/C4R500U518" fid="" />
   </SETGN>
   <SETGN id="C4R500U519" loc="894.006, -1787.000, 670.000, 0.000, 0.000, -90.000">
    <SETPOD id="C4R500U519" loc="0.000, 0.000, 0.000, 0.000, 0.000, 0.000" URL="/fr/C4R500U519.pod" aid="/attr/C4R500U519" fid="" />
   </SETGN>
   <SETGN id="C4R500U520" loc="894.006, -1787.000, 670.000, 0.000, 0.000, -90.000">
    <SETPOD id="C4R500U520" loc="0.000, 0.000, 0.000, 0.000, 0.000, 0.000" URL="/fr/C4R500U520.pod" aid="/attr/C4R500U520" fid="" />
   </SETGN>
   <SETGN id="C4R500WorldZero" loc="894.006, -1787.000, 670.000, 0.000, 0.000, -90.000">
    <SETPOD id="C4R500WorldZero" loc="0.000, 0.000, 0.000, 0.000, 0.000, 0.000" URL="/fr/C4R500WorldZero.pod" aid="/attr/C4R500WorldZero" fid="" />
   </SETGN>
   <SETGN id="C4R500x2000000013" loc="894.006, -1787.000, 0.000, 0.000, 0.000, -90.000">
    <SETPOD id="C4R500x2000000013" loc="0.000, 0.000, 0.000, 0.000, 0.000, 0.000" URL="/fr/C4R500x2000000013.pod" aid="/attr/C4R500x2000000013" fid="" />
   </SETGN>
   <SETGN id="D1447" loc="894.007, -2916.001, 1440.000, -180.000, -0.000, -90.000">
    <SETPOD id="D1447" loc="0.000, 0.000, 0.000, 0.000, 0.000, 0.000" URL="/fr/D1447.pod" aid="/attr/D1447" fid="" />
   </SETGN>
   <SETGN id="D1447D1810" loc="894.007, -2936.001, 1504.320, 90.000, -0.000, -90.000">
    <SETPOD id="D1447D1810" loc="0.000, 0.000, 0.000, 0.000, 0.000, 0.000" URL="/fr/D1447D1810.pod" aid="/attr/D1447D1810" fid="" />
   </SETGN>
   <SETGN id="D1447D1810E1810" loc="894.007, -2916.001, 1440.000, -180.000, -0.000, -90.000">
    <SETPOD id="D1447D1810E1810" loc="0.000, 0.000, 0.000, 0.000, 0.000, 0.000" URL="/fr/D1447D1810E1810.pod" aid="/attr/D1447D1810E1810" fid="" />
   </SETGN>
   <SETGN id="D1447D1810E1810CURPOS0" loc="894.007, -2916.001, 1440.000, -180.000, -0.000, -90.000">
    <SETPOD id="D1447D1810E1810CURPOS0" loc="0.000, 0.000, 0.000, 0.000, 0.000, 0.000" URL="/fr/D1447D1810E1810CURPOS0.pod" aid="/attr/D1447D1810E1810CURPOS0" fid="" />
   </SETGN>
   <SETGN id="D1447D1810P2021" loc="894.007, -2936.001, 1341.320, 180.000, -0.000, 0.000">
    <SETPOD id="D1447D1810P2021" loc="0.000, 0.000, 0.000, 0.000, 0.000, 0.000" URL="/fr/D1447D1810P2021.pod" aid="/attr/D1447D1810P2021" fid="" />
   </SETGN>
   <SETGN id="D171" loc="2472.000, 1500.000, 1200.000, 0.000, 0.000, 0.000">
    <SETPOD id="D171" loc="0.000, 0.000, 0.000, 0.000, 0.000, 0.000" URL="/fr/D171.pod" aid="/attr/D171" fid="" />
   </SETGN>
   <SETGN id="D1804" loc="2472.000, -900.000, 1600.000, 0.000, 0.000, 0.000">
    <SETPOD id="D1804" loc="0.000, 0.000, 0.000, 0.000, 0.000, 0.000" URL="/fr/D1804.pod" aid="/attr/D1804" fid="" />
   </SETGN>
   <SETGN id="D1817" loc="3565.407, 4126.733, 1691.000, -180.000, 0.000, -178.823">
    <SETPOD id="D1817" loc="0.000, 0.000, 0.000, 0.000, 0.000, 0.000" URL="/fr/D1817.pod" aid="/attr/D1817" fid="" />
   </SETGN>
   <SETGN id="D1817D1818" loc="3564.528, 4141.504, 1599.789, 90.000, 0.000, 91.177">
    <SETPOD id="D1817D1818" loc="0.000, 0.000, 0.000, 0.000, 0.000, 0.000" URL="/fr/D1817D1818.pod" aid="/attr/D1817D1818" fid="" />
   </SETGN>
   <SETGN id="D1817D1818E1818" loc="3565.407, 4126.733, 1691.000, -180.000, 0.000, -178.823">
    <SETPOD id="D1817D1818E1818" loc="0.000, 0.000, 0.000, 0.000, 0.000, 0.000" URL="/fr/D1817D1818E1818.pod" aid="/attr/D1817D1818E1818" fid="" />
   </SETGN>
   <SETGN id="D1817D1818E1818CURPOS0" loc="3565.407, 4126.733, 1691.000, -180.000, 0.000, -178.823">
    <SETPOD id="D1817D1818E1818CURPOS0" loc="0.000, 0.000, 0.000, 0.000, 0.000, 0.000" URL="/fr/D1817D1818E1818CURPOS0.pod" aid="/attr/D1817D1818E1818CURPOS0" fid="" />
   </SETGN>
   <SETGN id="D234D235" loc="0.000, 0.000, 0.000, 0.000, 0.000, 0.000">
   </SETGN>
   <SETGN id="D234D235E235" loc="0.000, 0.000, 0.000, 0.000, -90.000, 0.000">
   </SETGN>
   <SETGN id="D234D235E235CURPOS0" loc="0.000, 0.000, 0.000, 0.000, -90.000, 0.000">
   </SETGN>
   <SETGN id="D234D236" loc="0.000, 0.000, 0.000, -0.000, -0.000, 120.000">
   </SETGN>
   <SETGN id="D234D236E236" loc="0.000, 0.000, 0.000, 90.000, 0.000, 30.000">
   </SETGN>
   <SETGN id="D234D236E236CURPOS0" loc="0.000, 0.000, 0.000, 90.000, 0.000, 30.000">
   </SETGN>
   <SETGN id="D234D237" loc="0.000, 0.000, 0.000, 0.000, -0.000, -120.000">
   </SETGN>
   <SETGN id="D234D237E237" loc="0.000, 0.000, 0.000, -90.000, 0.000, -30.000">
   </SETGN>
   <SETGN id="D234D237E237CURPOS0" loc="0.000, 0.000, 0.000, -90.000, 0.000, -30.000">
   </SETGN>
   <SETGN id="D239D240" loc="0.000, 0.000, 0.000, 90.000, 0.000, 90.000">
   </SETGN>
   <SETGN id="D239D240E240" loc="0.000, 0.000, 0.000, 90.000, 0.000, 90.000">
   </SETGN>
   <SETGN id="D239D240E240CURPOS0" loc="0.000, 0.000, 0.000, 90.000, 0.000, 90.000">
   </SETGN>
   <SETGN id="D3348" loc="2472.000, 5465.000, 650.000, 90.000, 0.000, -90.000">
    <SETPOD id="D3348" loc="0.000, 0.000, 0.000, 0.000, 0.000, 0.000" URL="/fr/D3348.pod" aid="/attr/D3348" fid="" />
   </SETGN>
   <SETGN id="D3348D3572" loc="2458.083, 4765.101, 694.981, -0.000, -0.000, 0.000">
    <SETPOD id="D3348D3572" loc="0.000, 0.000, 0.000, 0.000, 0.000, 0.000" URL="/fr/D3348D3572.pod" aid="/attr/D3348D3572" fid="" />
   </SETGN>
   <SETGN id="D3348D3572E3572" loc="2458.083, 4765.101, 694.981, -0.000, -0.000, 0.000">
    <SETPOD id="D3348D3572E3572" loc="0.000, 0.000, 0.000, 0.000, 0.000, 0.000" URL="/fr/D3348D3572E3572.pod" aid="/attr/D3348D3572E3572" fid="" />
   </SETGN>
   <SETGN id="D3348D3572E3572CURPOS0" loc="2458.083, 4765.101, 694.981, -0.000, -0.000, 0.000">
    <SETPOD id="D3348D3572E3572CURPOS0" loc="0.000, 0.000, 0.000, 0.000, 0.000, 0.000" URL="/fr/D3348D3572E3572CURPOS0.pod" aid="/attr/D3348D3572E3572CURPOS0" fid="" />
   </SETGN>
   <SETGN id="D3348D3572P3675" loc="2458.083, 4765.101, 694.981, -0.000, -0.000, 0.000">
    <SETPOD id="D3348D3572P3675" loc="0.000, 0.000, 0.000, 0.000, 0.000, 0.000" URL="/fr/D3348D3572P3675.pod" aid="/attr/D3348D3572P3675" fid="" />
   </SETGN>
   <SETGN id="D3783" loc="2472.000, -4563.000, 650.000, 90.000, 0.000, 90.000">
    <SETPOD id="D3783" loc="0.000, 0.000, 0.000, 0.000, 0.000, 0.000" URL="/fr/D3783.pod" aid="/attr/D3783" fid="" />
   </SETGN>
   <SETGN id="D3783D4298" loc="2412.000, -3705.753, 694.510, -0.000, -0.000, -180.000">
    <SETPOD id="D3783D4298" loc="0.000, 0.000, 0.000, 0.000, 0.000, 0.000" URL="/fr/D3783D4298.pod" aid="/attr/D3783D4298" fid="" />
   </SETGN>
   <SETGN id="D3783D4298E4298" loc="2412.000, -3705.753, 694.510, -0.000, -0.000, -180.000">
    <SETPOD id="D3783D4298E4298" loc="0.000, 0.000, 0.000, 0.000, 0.000, 0.000" URL="/fr/D3783D4298E4298.pod" aid="/attr/D3783D4298E4298" fid="" />
   </SETGN>
   <SETGN id="D3783D4298E4298CURPOS0" loc="2412.000, -6455.753, 694.510, -0.000, -0.000, -180.000">
    <SETPOD id="D3783D4298E4298CURPOS0" loc="0.000, 0.000, 0.000, 0.000, 0.000, 0.000" URL="/fr/D3783D4298E4298CURPOS0.pod" aid="/attr/D3783D4298E4298CURPOS0" fid="" />
   </SETGN>
   <SETGN id="D3783D4298P4316" loc="2412.000, -3705.753, 694.510, -0.000, -0.000, -180.000">
    <SETPOD id="D3783D4298P4316" loc="0.000, 0.000, 0.000, 0.000, 0.000, 0.000" URL="/fr/D3783D4298P4316.pod" aid="/attr/D3783D4298P4316" fid="" />
   </SETGN>
   <SETGN id="FX1063" loc="549.625, -4378.505, 152.400, 0.000, 0.000, 90.000">
    <SETPOD id="FX1063" loc="0.000, 0.000, 0.000, 0.000, 0.000, 0.000" URL="/fr/FX1063.pod" aid="/attr/FX1063" fid="" />
   </SETGN>
   <SETGN id="FX1063P1137" loc="-470.375, -3768.505, 152.400, 180.000, -0.000, 0.000">
    <SETPOD id="FX1063P1137" loc="0.000, 0.000, 0.000, 0.000, 0.000, 0.000" URL="/fr/FX1063P1137.pod" aid="/attr/FX1063P1137" fid="" />
   </SETGN>
   <SETGN id="FX1063P1155" loc="-70.375, -4170.505, 198.400, 180.000, -0.000, 90.000">
    <SETPOD id="FX1063P1155" loc="0.000, 0.000, 0.000, 0.000, 0.000, 0.000" URL="/fr/FX1063P1155.pod" aid="/attr/FX1063P1155" fid="" />
   </SETGN>
   <SETGN id="FX1063P1240" loc="-470.375, -3768.505, 244.400, 180.000, -0.000, 0.000">
    <SETPOD id="FX1063P1240" loc="0.000, 0.000, 0.000, 0.000, 0.000, 0.000" URL="/fr/FX1063P1240.pod" aid="/attr/FX1063P1240" fid="" />
   </SETGN>
   <SETGN id="FX1063P1241" loc="-470.375, -3768.505, 336.400, 180.000, -0.000, 0.000">
    <SETPOD id="FX1063P1241" loc="0.000, 0.000, 0.000, 0.000, 0.000, 0.000" URL="/fr/FX1063P1241.pod" aid="/attr/FX1063P1241" fid="" />
   </SETGN>
   <SETGN id="FX1063P1242" loc="-470.375, -3768.505, 428.400, 180.000, -0.000, 0.000">
    <SETPOD id="FX1063P1242" loc="0.000, 0.000, 0.000, 0.000, 0.000, 0.000" URL="/fr/FX1063P1242.pod" aid="/attr/FX1063P1242" fid="" />
   </SETGN>
   <SETGN id="FX1063P1243" loc="-470.375, -3768.505, 520.400, 180.000, -0.000, 0.000">
    <SETPOD id="FX1063P1243" loc="0.000, 0.000, 0.000, 0.000, 0.000, 0.000" URL="/fr/FX1063P1243.pod" aid="/attr/FX1063P1243" fid="" />
   </SETGN>
   <SETGN id="FX1063P1244" loc="-68.375, -3768.505, 152.400, 180.000, -0.000, 0.000">
    <SETPOD id="FX1063P1244" loc="0.000, 0.000, 0.000, 0.000, 0.000, 0.000" URL="/fr/FX1063P1244.pod" aid="/attr/FX1063P1244" fid="" />
   </SETGN>
   <SETGN id="FX1063P1245" loc="-68.375, -3768.505, 244.400, 180.000, -0.000, 0.000">
    <SETPOD id="FX1063P1245" loc="0.000, 0.000, 0.000, 0.000, 0.000, 0.000" URL="/fr/FX1063P1245.pod" aid="/attr/FX1063P1245" fid="" />
   </SETGN>
   <SETGN id="FX1063P1246" loc="-68.375, -3768.505, 336.400, 180.000, -0.000, 0.000">
    <SETPOD id="FX1063P1246" loc="0.000, 0.000, 0.000, 0.000, 0.000, 0.000" URL="/fr/FX1063P1246.pod" aid="/attr/FX1063P1246" fid="" />
   </SETGN>
   <SETGN id="FX1063P1247" loc="-68.375, -3768.505, 428.400, 180.000, -0.000, 0.000">
    <SETPOD id="FX1063P1247" loc="0.000, 0.000, 0.000, 0.000, 0.000, 0.000" URL="/fr/FX1063P1247.pod" aid="/attr/FX1063P1247" fid="" />
   </SETGN>
   <SETGN id="FX1063P1248" loc="-68.375, -3768.505, 520.400, 180.000, -0.000, 0.000">
    <SETPOD id="FX1063P1248" loc="0.000, 0.000, 0.000, 0.000, 0.000, 0.000" URL="/fr/FX1063P1248.pod" aid="/attr/FX1063P1248" fid="" />
   </SETGN>
   <SETGN id="FX1063P1249" loc="333.625, -3768.505, 152.400, 180.000, -0.000, 0.000">
    <SETPOD id="FX1063P1249" loc="0.000, 0.000, 0.000, 0.000, 0.000, 0.000" URL="/fr/FX1063P1249.pod" aid="/attr/FX1063P1249" fid="" />
   </SETGN>
   <SETGN id="FX1063P1250" loc="333.625, -3768.505, 244.400, 180.000, -0.000, 0.000">
    <SETPOD id="FX1063P1250" loc="0.000, 0.000, 0.000, 0.000, 0.000, 0.000" URL="/fr/FX1063P1250.pod" aid="/attr/FX1063P1250" fid="" />
   </SETGN>
   <SETGN id="FX1063P1251" loc="333.625, -3768.505, 336.400, 180.000, -0.000, 0.000">
    <SETPOD id="FX1063P1251" loc="0.000, 0.000, 0.000, 0.000, 0.000, 0.000" URL="/fr/FX1063P1251.pod" aid="/attr/FX1063P1251" fid="" />
   </SETGN>
   <SETGN id="FX1063P1252" loc="333.625, -3768.505, 428.400, 180.000, -0.000, 0.000">
    <SETPOD id="FX1063P1252" loc="0.000, 0.000, 0.000, 0.000, 0.000, 0.000" URL="/fr/FX1063P1252.pod" aid="/attr/FX1063P1252" fid="" />
   </SETGN>
   <SETGN id="FX1063P1253" loc="333.625, -3768.505, 520.400, 180.000, -0.000, 0.000">
    <SETPOD id="FX1063P1253" loc="0.000, 0.000, 0.000, 0.000, 0.000, 0.000" URL="/fr/FX1063P1253.pod" aid="/attr/FX1063P1253" fid="" />
   </SETGN>
   <SETGN id="FX1063P1268" loc="-70.375, -4170.505, 290.400, 180.000, -0.000, 90.000">
    <SETPOD id="FX1063P1268" loc="0.000, 0.000, 0.000, 0.000, 0.000, 0.000" URL="/fr/FX1063P1268.pod" aid="/attr/FX1063P1268" fid="" />
   </SETGN>
   <SETGN id="FX1063P1269" loc="-70.375, -4170.505, 382.400, 180.000, -0.000, 90.000">
    <SETPOD id="FX1063P1269" loc="0.000, 0.000, 0.000, 0.000, 0.000, 0.000" URL="/fr/FX1063P1269.pod" aid="/attr/FX1063P1269" fid="" />
   </SETGN>
   <SETGN id="FX1063P1270" loc="-70.375, -4170.505, 474.400, 180.000, -0.000, 90.000">
    <SETPOD id="FX1063P1270" loc="0.000, 0.000, 0.000, 0.000, 0.000, 0.000" URL="/fr/FX1063P1270.pod" aid="/attr/FX1063P1270" fid="" />
   </SETGN>
   <SETGN id="FX1063P1271" loc="-70.375, -4170.505, 566.400, 180.000, -0.000, 90.000">
    <SETPOD id="FX1063P1271" loc="0.000, 0.000, 0.000, 0.000, 0.000, 0.000" URL="/fr/FX1063P1271.pod" aid="/attr/FX1063P1271" fid="" />
   </SETGN>
   <SETGN id="FX1063P1272" loc="-70.375, -3768.505, 198.400, 180.000, -0.000, 90.000">
    <SETPOD id="FX1063P1272" loc="0.000, 0.000, 0.000, 0.000, 0.000, 0.000" URL="/fr/FX1063P1272.pod" aid="/attr/FX1063P1272" fid="" />
   </SETGN>
   <SETGN id="FX1063P1273" loc="-70.375, -3768.505, 290.400, 180.000, -0.000, 90.000">
    <SETPOD id="FX1063P1273" loc="0.000, 0.000, 0.000, 0.000, 0.000, 0.000" URL="/fr/FX1063P1273.pod" aid="/attr/FX1063P1273" fid="" />
   </SETGN>
   <SETGN id="FX1063P1274" loc="-70.375, -3768.505, 382.400, 180.000, -0.000, 90.000">
    <SETPOD id="FX1063P1274" loc="0.000, 0.000, 0.000, 0.000, 0.000, 0.000" URL="/fr/FX1063P1274.pod" aid="/attr/FX1063P1274" fid="" />
   </SETGN>
   <SETGN id="FX1063P1275" loc="-70.375, -3768.505, 474.400, 180.000, -0.000, 90.000">
    <SETPOD id="FX1063P1275" loc="0.000, 0.000, 0.000, 0.000, 0.000, 0.000" URL="/fr/FX1063P1275.pod" aid="/attr/FX1063P1275" fid="" />
   </SETGN>
   <SETGN id="FX1063P1276" loc="-70.375, -3768.505, 566.400, 180.000, -0.000, 90.000">
    <SETPOD id="FX1063P1276" loc="0.000, 0.000, 0.000, 0.000, 0.000, 0.000" URL="/fr/FX1063P1276.pod" aid="/attr/FX1063P1276" fid="" />
   </SETGN>
   <SETGN id="FX1063P1277" loc="-70.375, -3366.505, 198.400, 180.000, -0.000, 90.000">
    <SETPOD id="FX1063P1277" loc="0.000, 0.000, 0.000, 0.000, 0.000, 0.000" URL="/fr/FX1063P1277.pod" aid="/attr/FX1063P1277" fid="" />
   </SETGN>
   <SETGN id="FX1063P1278" loc="-70.375, -3366.505, 290.400, 180.000, -0.000, 90.000">
    <SETPOD id="FX1063P1278" loc="0.000, 0.000, 0.000, 0.000, 0.000, 0.000" URL="/fr/FX1063P1278.pod" aid="/attr/FX1063P1278" fid="" />
   </SETGN>
   <SETGN id="FX1063P1279" loc="-70.375, -3366.505, 382.400, 180.000, -0.000, 90.000">
    <SETPOD id="FX1063P1279" loc="0.000, 0.000, 0.000, 0.000, 0.000, 0.000" URL="/fr/FX1063P1279.pod" aid="/attr/FX1063P1279" fid="" />
   </SETGN>
   <SETGN id="FX1063P1280" loc="-70.375, -3366.505, 474.400, 180.000, -0.000, 90.000">
    <SETPOD id="FX1063P1280" loc="0.000, 0.000, 0.000, 0.000, 0.000, 0.000" URL="/fr/FX1063P1280.pod" aid="/attr/FX1063P1280" fid="" />
   </SETGN>
   <SETGN id="FX1063P1281" loc="-70.375, -3366.505, 566.400, 180.000, -0.000, 90.000">
    <SETPOD id="FX1063P1281" loc="0.000, 0.000, 0.000, 0.000, 0.000, 0.000" URL="/fr/FX1063P1281.pod" aid="/attr/FX1063P1281" fid="" />
   </SETGN>
   <SETGN id="FX1064" loc="3361.502, 4114.031, 152.400, 0.000, 0.000, 0.000">
    <SETPOD id="FX1064" loc="0.000, 0.000, 0.000, 0.000, 0.000, 0.000" URL="/fr/FX1064.pod" aid="/attr/FX1064" fid="" />
   </SETGN>
   <SETGN id="FX1064P1065" loc="4371.502, 4724.031, 152.400, 180.000, -0.000, 180.000">
    <SETPOD id="FX1064P1065" loc="0.000, 0.000, 0.000, 0.000, 0.000, 0.000" URL="/fr/FX1064P1065.pod" aid="/attr/FX1064P1065" fid="" />
   </SETGN>
   <SETGN id="FX1064P1282" loc="3973.502, 5124.031, 198.400, 180.000, -0.000, -90.000">
    <SETPOD id="FX1064P1282" loc="0.000, 0.000, 0.000, 0.000, 0.000, 0.000" URL="/fr/FX1064P1282.pod" aid="/attr/FX1064P1282" fid="" />
   </SETGN>
   <SETGN id="FX1064P1297" loc="4371.502, 4724.031, 244.400, 180.000, -0.000, 180.000">
    <SETPOD id="FX1064P1297" loc="0.000, 0.000, 0.000, 0.000, 0.000, 0.000" URL="/fr/FX1064P1297.pod" aid="/attr/FX1064P1297" fid="" />
   </SETGN>
   <SETGN id="FX1064P1298" loc="4371.502, 4724.031, 336.400, 180.000, -0.000, 180.000">
    <SETPOD id="FX1064P1298" loc="0.000, 0.000, 0.000, 0.000, 0.000, 0.000" URL="/fr/FX1064P1298.pod" aid="/attr/FX1064P1298" fid="" />
   </SETGN>
   <SETGN id="FX1064P1299" loc="4371.502, 4724.031, 428.400, 180.000, -0.000, 180.000">
    <SETPOD id="FX1064P1299" loc="0.000, 0.000, 0.000, 0.000, 0.000, 0.000" URL="/fr/FX1064P1299.pod" aid="/attr/FX1064P1299" fid="" />
   </SETGN>
   <SETGN id="FX1064P1300" loc="4371.502, 4724.031, 520.400, 180.000, -0.000, 180.000">
    <SETPOD id="FX1064P1300" loc="0.000, 0.000, 0.000, 0.000, 0.000, 0.000" URL="/fr/FX1064P1300.pod" aid="/attr/FX1064P1300" fid="" />
   </SETGN>
   <SETGN id="FX1064P1301" loc="3969.502, 4724.031, 152.400, 180.000, -0.000, 180.000">
    <SETPOD id="FX1064P1301" loc="0.000, 0.000, 0.000, 0.000, 0.000, 0.000" URL="/fr/FX1064P1301.pod" aid="/attr/FX1064P1301" fid="" />
   </SETGN>
   <SETGN id="FX1064P1302" loc="3969.502, 4724.031, 244.400, 180.000, -0.000, 180.000">
    <SETPOD id="FX1064P1302" loc="0.000, 0.000, 0.000, 0.000, 0.000, 0.000" URL="/fr/FX1064P1302.pod" aid="/attr/FX1064P1302" fid="" />
   </SETGN>
   <SETGN id="FX1064P1303" loc="3969.502, 4724.031, 336.400, 180.000, -0.000, 180.000">
    <SETPOD id="FX1064P1303" loc="0.000, 0.000, 0.000, 0.000, 0.000, 0.000" URL="/fr/FX1064P1303.pod" aid="/attr/FX1064P1303" fid="" />
   </SETGN>
   <SETGN id="FX1064P1304" loc="3969.502, 4724.031, 428.400, 180.000, -0.000, 180.000">
    <SETPOD id="FX1064P1304" loc="0.000, 0.000, 0.000, 0.000, 0.000, 0.000" URL="/fr/FX1064P1304.pod" aid="/attr/FX1064P1304" fid="" />
   </SETGN>
   <SETGN id="FX1064P1305" loc="3969.502, 4724.031, 520.400, 180.000, -0.000, 180.000">
    <SETPOD id="FX1064P1305" loc="0.000, 0.000, 0.000, 0.000, 0.000, 0.000" URL="/fr/FX1064P1305.pod" aid="/attr/FX1064P1305" fid="" />
   </SETGN>
   <SETGN id="FX1064P1306" loc="3567.502, 4724.031, 152.400, 180.000, -0.000, 180.000">
    <SETPOD id="FX1064P1306" loc="0.000, 0.000, 0.000, 0.000, 0.000, 0.000" URL="/fr/FX1064P1306.pod" aid="/attr/FX1064P1306" fid="" />
   </SETGN>
   <SETGN id="FX1064P1307" loc="3567.502, 4724.031, 244.400, 180.000, -0.000, 180.000">
    <SETPOD id="FX1064P1307" loc="0.000, 0.000, 0.000, 0.000, 0.000, 0.000" URL="/fr/FX1064P1307.pod" aid="/attr/FX1064P1307" fid="" />
   </SETGN>
   <SETGN id="FX1064P1308" loc="3567.502, 4724.031, 336.400, 180.000, -0.000, 180.000">
    <SETPOD id="FX1064P1308" loc="0.000, 0.000, 0.000, 0.000, 0.000, 0.000" URL="/fr/FX1064P1308.pod" aid="/attr/FX1064P1308" fid="" />
   </SETGN>
   <SETGN id="FX1064P1309" loc="3567.502, 4724.031, 428.400, 180.000, -0.000, 180.000">
    <SETPOD id="FX1064P1309" loc="0.000, 0.000, 0.000, 0.000, 0.000, 0.000" URL="/fr/FX1064P1309.pod" aid="/attr/FX1064P1309" fid="" />
   </SETGN>
   <SETGN id="FX1064P1310" loc="3567.502, 4724.031, 520.400, 180.000, -0.000, 180.000">
    <SETPOD id="FX1064P1310" loc="0.000, 0.000, 0.000, 0.000, 0.000, 0.000" URL="/fr/FX1064P1310.pod" aid="/attr/FX1064P1310" fid="" />
   </SETGN>
   <SETGN id="FX1064P1339" loc="3973.502, 5124.031, 290.400, 180.000, -0.000, -90.000">
    <SETPOD id="FX1064P1339" loc="0.000, 0.000, 0.000, 0.000, 0.000, 0.000" URL="/fr/FX1064P1339.pod" aid="/attr/FX1064P1339" fid="" />
   </SETGN>
   <SETGN id="FX1064P1340" loc="3973.502, 5124.031, 382.400, 180.000, -0.000, -90.000">
    <SETPOD id="FX1064P1340" loc="0.000, 0.000, 0.000, 0.000, 0.000, 0.000" URL="/fr/FX1064P1340.pod" aid="/attr/FX1064P1340" fid="" />
   </SETGN>
   <SETGN id="FX1064P1341" loc="3973.502, 5124.031, 474.400, 180.000, -0.000, -90.000">
    <SETPOD id="FX1064P1341" loc="0.000, 0.000, 0.000, 0.000, 0.000, 0.000" URL="/fr/FX1064P1341.pod" aid="/attr/FX1064P1341" fid="" />
   </SETGN>
   <SETGN id="FX1064P1342" loc="3973.502, 5124.031, 566.400, 180.000, -0.000, -90.000">
    <SETPOD id="FX1064P1342" loc="0.000, 0.000, 0.000, 0.000, 0.000, 0.000" URL="/fr/FX1064P1342.pod" aid="/attr/FX1064P1342" fid="" />
   </SETGN>
   <SETGN id="FX1064P1343" loc="3973.502, 4722.031, 198.400, 180.000, -0.000, -90.000">
    <SETPOD id="FX1064P1343" loc="0.000, 0.000, 0.000, 0.000, 0.000, 0.000" URL="/fr/FX1064P1343.pod" aid="/attr/FX1064P1343" fid="" />
   </SETGN>
   <SETGN id="FX1064P1344" loc="3973.502, 4722.031, 290.400, 180.000, -0.000, -90.000">
    <SETPOD id="FX1064P1344" loc="0.000, 0.000, 0.000, 0.000, 0.000, 0.000" URL="/fr/FX1064P1344.pod" aid="/attr/FX1064P1344" fid="" />
   </SETGN>
   <SETGN id="FX1064P1345" loc="3973.502, 4722.031, 382.400, 180.000, -0.000, -90.000">
    <SETPOD id="FX1064P1345" loc="0.000, 0.000, 0.000, 0.000, 0.000, 0.000" URL="/fr/FX1064P1345.pod" aid="/attr/FX1064P1345" fid="" />
   </SETGN>
   <SETGN id="FX1064P1346" loc="3973.502, 4722.031, 474.400, 180.000, -0.000, -90.000">
    <SETPOD id="FX1064P1346" loc="0.000, 0.000, 0.000, 0.000, 0.000, 0.000" URL="/fr/FX1064P1346.pod" aid="/attr/FX1064P1346" fid="" />
   </SETGN>
   <SETGN id="FX1064P1347" loc="3973.502, 4722.031, 566.400, 180.000, -0.000, -90.000">
    <SETPOD id="FX1064P1347" loc="0.000, 0.000, 0.000, 0.000, 0.000, 0.000" URL="/fr/FX1064P1347.pod" aid="/attr/FX1064P1347" fid="" />
   </SETGN>
   <SETGN id="FX1064P1348" loc="3973.502, 4320.031, 198.400, 180.000, -0.000, -90.000">
    <SETPOD id="FX1064P1348" loc="0.000, 0.000, 0.000, 0.000, 0.000, 0.000" URL="/fr/FX1064P1348.pod" aid="/attr/FX1064P1348" fid="" />
   </SETGN>
   <SETGN id="FX1064P1349" loc="3973.502, 4320.031, 290.400, 180.000, -0.000, -90.000">
    <SETPOD id="FX1064P1349" loc="0.000, 0.000, 0.000, 0.000, 0.000, 0.000" URL="/fr/FX1064P1349.pod" aid="/attr/FX1064P1349" fid="" />
   </SETGN>
   <SETGN id="FX1064P1350" loc="3973.502, 4320.031, 382.400, 180.000, -0.000, -90.000">
    <SETPOD id="FX1064P1350" loc="0.000, 0.000, 0.000, 0.000, 0.000, 0.000" URL="/fr/FX1064P1350.pod" aid="/attr/FX1064P1350" fid="" />
   </SETGN>
   <SETGN id="FX1064P1351" loc="3973.502, 4320.031, 474.400, 180.000, -0.000, -90.000">
    <SETPOD id="FX1064P1351" loc="0.000, 0.000, 0.000, 0.000, 0.000, 0.000" URL="/fr/FX1064P1351.pod" aid="/attr/FX1064P1351" fid="" />
   </SETGN>
   <SETGN id="FX1064P1352" loc="3973.502, 4320.031, 566.400, 180.000, -0.000, -90.000">
    <SETPOD id="FX1064P1352" loc="0.000, 0.000, 0.000, 0.000, 0.000, 0.000" URL="/fr/FX1064P1352.pod" aid="/attr/FX1064P1352" fid="" />
   </SETGN>
   <SETGN id="FX1812" loc="2472.000, 5465.000, 650.000, 90.000, 0.000, -90.000">
   </SETGN>
   <SETGN id="FX1812P1814" loc="2458.083, 4765.101, 694.981, -0.000, -0.000, 0.000">
   </SETGN>
   <SETGN id="FX1813" loc="2472.000, -4563.000, 650.000, 90.000, 0.000, 90.000">
   </SETGN>
   <SETGN id="FX1815" loc="2472.000, 101.351, -194.000, 0.000, 0.000, 90.000">
    <SETPOD id="FX1815" loc="0.000, 0.000, 0.000, 0.000, 0.000, 0.000" URL="/fr/FX1815.pod" aid="/attr/FX1815" fid="" />
   </SETGN>
   <SETGN id="FX2020" loc="-1347.000, -1787.000, 112.000, 90.000, 0.000, -90.000">
    <SETPOD id="FX2020" loc="0.000, 0.000, 0.000, 0.000, 0.000, 0.000" URL="/fr/FX2020.pod" aid="/attr/FX2020" fid="" />
   </SETGN>
   <SETGN id="FX2020P2023" loc="-1670.676, -1361.404, 1261.392, -155.744, -16.745, -7.397">
    <SETPOD id="FX2020P2023" loc="0.000, 0.000, 0.000, 0.000, 0.000, 0.000" URL="/fr/FX2020P2023.pod" aid="/attr/FX2020P2023" fid="" />
   </SETGN>
   <SETGN id="FX267" loc="-1098.037, -7.331, 0.000, 0.000, 0.000, 180.000">
    <SETPOD id="FX267" loc="0.000, 0.000, 0.000, 0.000, 0.000, 0.000" URL="/fr/FX267.pod" aid="/attr/FX267" fid="" />
   </SETGN>
   <SETGN id="FX567" loc="1470.005, -4453.000, 700.000, 90.000, 60.000, 0.000">
   </SETGN>
   <SETGN id="FX567P1136" loc="1528.665, -3653.000, 618.397, -180.000, 60.000, 0.000">
   </SETGN>
   <SETGN id="O1927" loc="3.360, -35.976, 1024.000, 90.000, 0.000, 180.000">
    <SETPOD id="O1927" loc="0.000, 0.000, 0.000, 0.000, 0.000, 0.000" URL="/fr/O1927.pod" aid="/attr/O1927" fid="" />
   </SETGN>
   <SETGN id="O1928" loc="254.360, -35.976, 1025.000, 90.000, 0.000, -180.000">
    <SETPOD id="O1928" loc="0.000, 0.000, 0.000, 0.000, 0.000, 0.000" URL="/fr/O1927.pod" aid="/attr/O1928" fid="" />
   </SETGN>
   <SETGN id="O1929" loc="384.652, 317.334, 0.000, 0.000, 0.000, 90.000">
    <SETPOD id="O1929" loc="0.000, 0.000, 0.000, 0.000, 0.000, 0.000" URL="/fr/O1929.pod" aid="/attr/O1929" fid="" />
   </SETGN>
   <SETGN id="O1930" loc="384.652, 317.334, 411.677, 0.000, 0.000, 90.000">
    <SETPOD id="O1930" loc="0.000, 0.000, 0.000, 0.000, 0.000, 0.000" URL="/fr/O1929.pod" aid="/attr/O1930" fid="" />
   </SETGN>
   <SETGN id="O1931" loc="361.378, 1998.249, 0.000, 0.000, 0.000, -71.661">
    <SETPOD id="O1931" loc="0.000, 0.000, 0.000, 0.000, 0.000, 0.000" URL="/fr/O1931.pod" aid="/attr/O1931" fid="" />
   </SETGN>
   <SETGN id="O1932" loc="-2164.689, -3236.516, 0.000, 0.000, 0.000, 90.000">
    <SETPOD id="O1932" loc="0.000, 0.000, 0.000, 0.000, 0.000, 0.000" URL="/fr/O1932.pod" aid="/attr/O1932" fid="" />
   </SETGN>
   <SETGN id="O1933" loc="-2164.689, -4268.516, 2.000, 0.000, 0.000, 90.000">
    <SETPOD id="O1933" loc="0.000, 0.000, 0.000, 0.000, 0.000, 0.000" URL="/fr/O1932.pod" aid="/attr/O1933" fid="" />
   </SETGN>
   <SETGN id="O1935" loc="5060.765, 5656.000, 1770.001, -90.000, 90.000, 0.000">
    <SETPOD id="O1935" loc="0.000, 0.000, 0.000, 0.000, 0.000, 0.000" URL="/fr/O1935.pod" aid="/attr/O1935" fid="" />
   </SETGN>
   <SETGN id="O1936" loc="1944.877, 5656.000, 1718.001, 90.000, 90.000, 0.000">
    <SETPOD id="O1936" loc="0.000, 0.000, 0.000, 0.000, 0.000, 0.000" URL="/fr/O1935.pod" aid="/attr/O1936" fid="" />
   </SETGN>
   <SETGN id="O1937" loc="2963.972, -4760.316, 1704.001, -90.000, 90.000, 0.000">
    <SETPOD id="O1937" loc="0.000, 0.000, 0.000, 0.000, 0.000, 0.000" URL="/fr/O1935.pod" aid="/attr/O1937" fid="" />
   </SETGN>
   <SETGN id="O1938" loc="-2149.733, -4775.521, 1712.001, 90.000, 90.000, 0.000">
    <SETPOD id="O1938" loc="0.000, 0.000, 0.000, 0.000, 0.000, 0.000" URL="/fr/O1935.pod" aid="/attr/O1938" fid="" />
   </SETGN>
   <SETGN id="O1939" loc="2977.180, -4827.000, 1149.000, 90.000, 0.000, 0.000">
    <SETPOD id="O1939" loc="0.000, 0.000, 0.000, 0.000, 0.000, 0.000" URL="/fr/O1939.pod" aid="/attr/O1939" fid="" />
   </SETGN>
   <SETGN id="O1940" loc="1938.545, 5722.309, 938.000, 90.000, 0.000, 180.000">
    <SETPOD id="O1940" loc="0.000, 0.000, 0.000, 0.000, 0.000, 0.000" URL="/fr/O1939.pod" aid="/attr/O1940" fid="" />
   </SETGN>
   <SETGN id="O2022" loc="-1156.796, -109.770, -1.831, 0.000, 0.000, 0.000">
    <SETPOD id="O2022" loc="0.000, 0.000, 0.000, 0.000, 0.000, 0.000" URL="/fr/O1932.pod" aid="/attr/O2022" fid="" />
   </SETGN>
   <SETGN id="O245" loc="-2191.796, -109.770, -1.831, 0.000, 0.000, 0.000">
    <SETPOD id="O245" loc="0.000, 0.000, 0.000, 0.000, 0.000, 0.000" URL="/fr/O1932.pod" aid="/attr/O245" fid="" />
   </SETGN>
   <SETGN id="O246" loc="-117.969, -111.444, 0.000, 0.000, 0.000, 0.000">
    <SETPOD id="O246" loc="0.000, 0.000, 0.000, 0.000, 0.000, 0.000" URL="/fr/O1932.pod" aid="/attr/O246" fid="" />
   </SETGN>
   <SETGN id="O247" loc="924.205, -114.445, 0.000, 0.000, 0.000, 0.000">
    <SETPOD id="O247" loc="0.000, 0.000, 0.000, 0.000, 0.000, 0.000" URL="/fr/O1932.pod" aid="/attr/O247" fid="" />
   </SETGN>
   <SETGN id="O248" loc="2987.768, -4787.874, 0.000, 0.000, 0.000, 90.000">
    <SETPOD id="O248" loc="0.000, 0.000, 0.000, 0.000, 0.000, 0.000" URL="/fr/O1932.pod" aid="/attr/O248" fid="" />
   </SETGN>
   <SETGN id="O249" loc="-2166.689, -106.800, 0.000, 0.000, 0.000, -90.000">
    <SETPOD id="O249" loc="0.000, 0.000, 0.000, 0.000, 0.000, 0.000" URL="/fr/O1932.pod" aid="/attr/O249" fid="" />
   </SETGN>
   <SETGN id="O250" loc="-2164.689, -2209.516, 0.000, 0.000, 0.000, 90.000">
    <SETPOD id="O250" loc="0.000, 0.000, 0.000, 0.000, 0.000, 0.000" URL="/fr/O1932.pod" aid="/attr/O250" fid="" />
   </SETGN>
   <SETGN id="O251" loc="1930.311, 2543.573, 5.000, 0.000, 0.000, 90.000">
    <SETPOD id="O251" loc="0.000, 0.000, 0.000, 0.000, 0.000, 0.000" URL="/fr/O1932.pod" aid="/attr/O251" fid="" />
   </SETGN>
   <SETGN id="O252" loc="1925.808, 3581.556, 0.000, 0.000, 0.000, 90.000">
    <SETPOD id="O252" loc="0.000, 0.000, 0.000, 0.000, 0.000, 0.000" URL="/fr/O1932.pod" aid="/attr/O252" fid="" />
   </SETGN>
   <SETGN id="O254" loc="-1657.036, 21.992, 0.000, 0.000, 0.000, 0.000">
    <SETPOD id="O254" loc="0.000, 0.000, 0.000, 0.000, 0.000, 0.000" URL="/fr/O254.pod" aid="/attr/O254" fid="" />
   </SETGN>
   <SETGN id="O255" loc="1924.555, 4624.855, 0.000, 0.000, 0.000, 90.000">
    <SETPOD id="O255" loc="0.000, 0.000, 0.000, 0.000, 0.000, 0.000" URL="/fr/O1932.pod" aid="/attr/O255" fid="" />
   </SETGN>
   <SETGN id="O256" loc="-2162.439, -4804.061, 0.492, 0.000, 0.000, 90.000">
    <SETPOD id="O256" loc="0.000, 0.000, 0.000, 0.000, 0.000, 0.000" URL="/fr/O256.pod" aid="/attr/O256" fid="" />
   </SETGN>
   <SETGN id="O257" loc="5083.607, 3581.728, 52.472, 0.000, 0.000, 90.000">
    <SETPOD id="O257" loc="0.000, 0.000, 0.000, 0.000, 0.000, 0.000" URL="/fr/O1932.pod" aid="/attr/O257" fid="" />
   </SETGN>
   <SETGN id="O258" loc="5083.607, 2553.749, 56.723, 0.000, 0.000, 90.000">
    <SETPOD id="O258" loc="0.000, 0.000, 0.000, 0.000, 0.000, 0.000" URL="/fr/O1932.pod" aid="/attr/O258" fid="" />
   </SETGN>
   <SETGN id="O259" loc="5082.607, 1511.728, 56.945, 0.000, 0.000, 90.000">
    <SETPOD id="O259" loc="0.000, 0.000, 0.000, 0.000, 0.000, 0.000" URL="/fr/O1932.pod" aid="/attr/O259" fid="" />
   </SETGN>
   <SETGN id="O260" loc="5081.537, 4622.716, 54.000, 0.000, 0.000, 90.000">
    <SETPOD id="O260" loc="0.000, 0.000, 0.000, 0.000, 0.000, 0.000" URL="/fr/O1932.pod" aid="/attr/O260" fid="" />
   </SETGN>
   <SETGN id="O261" loc="4012.251, 1512.728, 22.000, 0.000, 0.000, 0.000">
    <SETPOD id="O261" loc="0.000, 0.000, 0.000, 0.000, 0.000, 0.000" URL="/fr/O1932.pod" aid="/attr/O261" fid="" />
   </SETGN>
   <SETGN id="O262" loc="2989.251, 1515.728, 28.000, 0.000, 0.000, 0.000">
    <SETPOD id="O262" loc="0.000, 0.000, 0.000, 0.000, 0.000, 0.000" URL="/fr/O1932.pod" aid="/attr/O262" fid="" />
   </SETGN>
   <SETGN id="O265" loc="2989.251, -2700.271, 6.000, 0.000, 0.000, 90.000">
    <SETPOD id="O265" loc="0.000, 0.000, 0.000, 0.000, 0.000, 0.000" URL="/fr/O1932.pod" aid="/attr/O265" fid="" />
   </SETGN>
   <SETGN id="O266" loc="2987.251, -3744.272, 0.574, 0.000, 0.000, 90.000">
    <SETPOD id="O266" loc="0.000, 0.000, 0.000, 0.000, 0.000, 0.000" URL="/fr/O1932.pod" aid="/attr/O266" fid="" />
   </SETGN>
   <SETGN id="O3237" loc="1000.000, 164.000, 1800.000, 0.000, 0.000, 0.000">
    <SETPOD id="O3237" loc="0.000, 0.000, 0.000, 0.000, 0.000, 0.000" URL="/fr/O3237.pod" aid="/attr/O3237" fid="" />
   </SETGN>
   <SETGN id="C2R173G174V1" loc="0.000, 0.000, 0.000, 0.000, 0.000, 0.000">
   </SETGN>
   <SETGN id="C2R173G174V2" loc="0.000, 0.000, 0.000, 0.000, 0.000, 0.000">
   </SETGN>
   <SETGN id="C2R173G175V1" loc="0.000, 0.000, 0.000, 0.000, 0.000, 0.000">
   </SETGN>
   <SETGN id="C2R173G177V2" loc="3565.407, 4126.733, 1691.000, -180.000, 0.000, -178.823">
    <SETPOD id="C2R173G177V2" loc="0.000, 0.000, 0.000, 0.000, 0.000, 0.000" URL="/fr/C2R173G177V2.pod" aid="/attr/C2R173G177V2" fid="" />
   </SETGN>
   <SETGN id="C4R500G501V1" loc="0.000, 0.000, 0.000, 0.000, 0.000, 0.000">
   </SETGN>
   <SETGN id="C4R500G501V2" loc="0.000, 0.000, 0.000, 0.000, 0.000, 0.000">
   </SETGN>
   <SETGN id="C4R500G503V2" loc="894.007, -2916.001, 1440.000, -180.000, -0.000, -90.000">
    <SETPOD id="C4R500G503V2" loc="0.000, 0.000, 0.000, 0.000, 0.000, 0.000" URL="/fr/C4R500G503V2.pod" aid="/attr/C4R500G503V2" fid="" />
   </SETGN>
   <SETGN id="C2R173G177V1" loc="3565.407, 4126.733, 1691.000, -180.000, 0.000, -178.823">
    <SETPOD id="C2R173G177V1" loc="0.000, 0.000, 0.000, 0.000, 0.000, 0.000" URL="/fr/C2R173G177V1.pod" aid="/attr/C2R173G177V1" fid="" />
   </SETGN>
   <SETGN id="C4R500G503V1" loc="894.007, -2916.001, 1440.000, -180.000, -0.000, -90.000">
    <SETPOD id="C4R500G503V1" loc="0.000, 0.000, 0.000, 0.000, 0.000, 0.000" URL="/fr/C4R500G503V1.pod" aid="/attr/C4R500G503V1" fid="" />
   </SETGN>
 </SETGN>
</TPGL>
